"Year","Ancestors"
1848,2
1859,2
1859,2
1859,2
1859,2
1863,2
1863,2
1863,2
1863,2
1863,2
1864,2
1864,2
1865,1
1865,2
1866,2
1868,2
1873,4
1873,4
1874,2
1874,2
1874,2
1874,4
1876,2
1876,2
1876,2
1876,2
1876,2
1877,2
1877,2
1877,2
1877,2
1877,4
1878,1
1878,2
1878,2
1878,2
1879,1
1879,2
1879,4
1880,2
1881,1
1881,2
1881,2
1881,4
1882,2
1882,2
1882,2
1883,1
1883,2
1883,2
1883,2
1883,2
1883,2
1883,4
1883,4
1883,4
1884,2
1884,2
1884,2
1885,2
1885,2
1885,2
1885,2
1885,2
1885,2
1886,1
1886,2
1886,2
1886,2
1887,1
1887,1
1887,2
1887,2
1887,2
1887,2
1887,2
1887,2
1887,2
1887,4
1887,4
1887,4
1888,1
1888,2
1888,2
1888,2
1888,2
1888,2
1888,2
1888,4
1889,1
1889,1
1889,2
1889,2
1889,2
1889,2
1889,2
1889,2
1889,2
1889,2
1889,4
1889,4
1890,1
1890,1
1890,1
1890,2
1890,2
1890,2
1890,2
1890,2
1890,2
1890,2
1890,2
1890,3
1891,1
1891,2
1891,2
1891,2
1891,2
1891,4
1892,1
1892,1
1892,1
1892,1
1892,2
1892,2
1892,2
1892,2
1892,2
1892,2
1892,2
1892,2
1892,2
1892,2
1892,2
1892,2
1892,4
1892,4
1892,4
1892,4
1892,4
1892,4
1892,4
1893,1
1893,1
1893,1
1893,1
1893,1
1893,2
1893,2
1893,2
1893,2
1893,2
1893,2
1893,2
1893,2
1893,2
1893,2
1893,2
1893,2
1893,2
1893,2
1893,2
1893,4
1893,4
1893,4
1893,4
1893,4
1894,1
1894,1
1894,1
1894,1
1894,1
1894,1
1894,1
1894,1
1894,1
1894,2
1894,2
1894,2
1894,2
1894,2
1894,2
1894,2
1894,2
1894,2
1894,2
1894,2
1894,2
1894,2
1894,2
1894,2
1894,2
1894,2
1894,2
1894,2
1894,2
1894,2
1894,4
1894,4
1894,4
1894,4
1894,5
1894,6
1895,1
1895,1
1895,1
1895,1
1895,1
1895,1
1895,1
1895,2
1895,2
1895,2
1895,2
1895,2
1895,2
1895,2
1895,2
1895,2
1895,2
1895,2
1895,2
1895,2
1895,2
1895,2
1895,2
1895,2
1895,2
1895,2
1895,4
1895,4
1895,4
1895,4
1895,4
1895,4
1895,4
1895,4
1895,4
1896,1
1896,1
1896,1
1896,2
1896,2
1896,2
1896,2
1896,2
1896,2
1896,2
1896,2
1896,2
1896,2
1896,2
1896,2
1896,2
1896,2
1896,2
1896,2
1896,2
1896,2
1896,2
1896,4
1896,4
1896,4
1896,4
1896,4
1896,4
1896,5
1897,1
1897,2
1897,2
1897,2
1897,2
1897,2
1897,2
1897,2
1897,2
1897,2
1897,2
1897,2
1897,2
1897,2
1897,2
1897,2
1897,2
1897,2
1897,2
1897,2
1897,2
1897,2
1897,2
1897,2
1897,2
1897,2
1897,2
1897,2
1897,2
1897,2
1897,2
1897,2
1897,2
1897,2
1897,4
1897,4
1897,4
1897,4
1897,4
1897,4
1897,6
1897,6
1897,6
1898,2
1898,2
1898,2
1898,2
1898,2
1898,2
1898,2
1898,2
1898,2
1898,2
1898,2
1898,2
1898,2
1898,2
1898,2
1898,2
1898,2
1898,2
1898,2
1898,2
1898,2
1898,2
1898,2
1898,2
1898,3
1898,4
1898,4
1898,4
1898,4
1898,4
1898,4
1898,6
1898,6
1898,6
1899,2
1899,2
1899,2
1899,2
1899,2
1899,2
1899,2
1899,2
1899,2
1899,2
1899,2
1899,2
1899,2
1899,2
1899,2
1899,2
1899,2
1899,2
1899,2
1899,2
1899,2
1899,2
1899,2
1899,2
1899,2
1899,2
1899,2
1899,2
1899,2
1899,2
1899,2
1899,2
1899,3
1899,4
1899,4
1899,4
1899,4
1899,4
1899,4
1899,4
1899,4
1899,4
1900,1
1900,2
1900,2
1900,2
1900,2
1900,2
1900,2
1900,2
1900,2
1900,2
1900,2
1900,2
1900,2
1900,2
1900,2
1900,2
1900,2
1900,2
1900,2
1900,2
1900,2
1900,2
1900,2
1900,2
1900,2
1900,2
1900,2
1900,2
1900,2
1900,2
1900,2
1900,2
1900,2
1900,2
1900,2
1900,2
1900,2
1900,2
1900,2
1900,2
1900,2
1900,2
1900,2
1900,2
1900,2
1900,2
1900,2
1900,2
1900,2
1900,3
1900,3
1900,4
1900,4
1900,4
1900,4
1900,4
1900,4
1900,4
1900,4
1900,4
1900,5
1900,6
1900,6
1900,6
1900,6
1900,6
1900,6
1900,7
1901,1
1901,2
1901,2
1901,2
1901,2
1901,2
1901,2
1901,2
1901,2
1901,2
1901,2
1901,2
1901,2
1901,2
1901,2
1901,2
1901,2
1901,2
1901,2
1901,2
1901,2
1901,2
1901,2
1901,2
1901,2
1901,2
1901,2
1901,2
1901,2
1901,2
1901,2
1901,3
1901,3
1901,4
1901,4
1901,4
1901,4
1901,4
1901,4
1901,4
1901,4
1901,4
1901,4
1901,4
1901,4
1901,4
1901,4
1901,4
1901,4
1901,5
1902,1
1902,2
1902,2
1902,2
1902,2
1902,2
1902,2
1902,2
1902,2
1902,2
1902,2
1902,2
1902,2
1902,2
1902,2
1902,2
1902,2
1902,2
1902,2
1902,2
1902,2
1902,2
1902,2
1902,2
1902,2
1902,2
1902,2
1902,2
1902,2
1902,2
1902,2
1902,2
1902,2
1902,2
1902,2
1902,2
1902,2
1902,2
1902,2
1902,2
1902,2
1902,2
1902,2
1902,2
1902,2
1902,2
1902,2
1902,2
1902,2
1902,2
1902,2
1902,2
1902,2
1902,4
1902,4
1902,4
1902,4
1902,4
1902,4
1902,4
1902,4
1902,4
1902,4
1902,4
1902,4
1902,4
1902,4
1902,4
1902,4
1902,4
1902,5
1902,6
1902,6
1902,6
1903,2
1903,2
1903,2
1903,2
1903,2
1903,2
1903,2
1903,2
1903,2
1903,2
1903,2
1903,2
1903,2
1903,2
1903,2
1903,2
1903,2
1903,2
1903,2
1903,2
1903,2
1903,2
1903,2
1903,3
1903,4
1903,4
1903,4
1903,4
1903,4
1903,4
1903,4
1903,4
1903,4
1903,4
1903,4
1903,4
1903,4
1903,4
1903,4
1903,4
1903,5
1903,6
1903,6
1904,2
1904,2
1904,2
1904,2
1904,2
1904,2
1904,2
1904,2
1904,2
1904,2
1904,2
1904,2
1904,2
1904,2
1904,2
1904,2
1904,2
1904,2
1904,2
1904,2
1904,2
1904,2
1904,3
1904,3
1904,3
1904,4
1904,4
1904,4
1904,4
1904,4
1904,4
1904,4
1904,4
1904,4
1904,4
1904,4
1904,4
1904,4
1904,4
1904,4
1904,4
1904,5
1904,5
1904,6
1904,6
1904,6
1904,6
1904,10
1905,2
1905,2
1905,2
1905,2
1905,2
1905,2
1905,2
1905,2
1905,2
1905,2
1905,2
1905,2
1905,2
1905,2
1905,2
1905,4
1905,4
1905,4
1905,4
1905,4
1905,4
1905,4
1905,4
1905,4
1905,4
1905,4
1905,4
1905,4
1905,4
1905,4
1905,4
1905,4
1905,4
1905,6
1905,6
1905,6
1905,6
1905,8
1905,9
1906,1
1906,1
1906,2
1906,2
1906,2
1906,2
1906,2
1906,2
1906,2
1906,2
1906,2
1906,2
1906,2
1906,2
1906,2
1906,2
1906,2
1906,2
1906,2
1906,2
1906,2
1906,2
1906,3
1906,3
1906,4
1906,4
1906,4
1906,4
1906,4
1906,4
1906,4
1906,4
1906,4
1906,4
1906,4
1906,4
1906,4
1906,4
1906,4
1906,4
1906,4
1906,4
1906,4
1906,4
1906,4
1906,5
1906,5
1906,5
1906,6
1906,6
1906,6
1906,6
1906,6
1907,1
1907,2
1907,2
1907,2
1907,2
1907,2
1907,2
1907,2
1907,2
1907,2
1907,2
1907,2
1907,2
1907,2
1907,2
1907,2
1907,2
1907,2
1907,3
1907,3
1907,4
1907,4
1907,4
1907,4
1907,4
1907,4
1907,4
1907,4
1907,4
1907,4
1907,4
1907,4
1907,4
1907,4
1907,4
1907,4
1907,4
1907,4
1907,4
1907,4
1907,4
1907,4
1907,4
1907,4
1907,4
1907,4
1907,4
1907,4
1907,4
1907,4
1907,4
1907,4
1907,4
1907,4
1907,4
1907,4
1907,5
1907,5
1907,6
1907,6
1907,6
1907,6
1907,6
1907,6
1907,7
1907,15
1908,1
1908,1
1908,1
1908,1
1908,2
1908,2
1908,2
1908,2
1908,2
1908,2
1908,2
1908,2
1908,2
1908,2
1908,2
1908,2
1908,2
1908,2
1908,3
1908,3
1908,3
1908,4
1908,4
1908,4
1908,4
1908,4
1908,4
1908,4
1908,4
1908,4
1908,4
1908,4
1908,4
1908,4
1908,4
1908,4
1908,4
1908,4
1908,4
1908,4
1908,4
1908,5
1908,5
1908,5
1908,6
1908,6
1908,6
1908,6
1908,6
1908,6
1908,6
1908,6
1908,6
1908,6
1908,6
1908,6
1908,6
1908,6
1908,6
1908,10
1909,1
1909,2
1909,2
1909,2
1909,2
1909,2
1909,2
1909,2
1909,2
1909,2
1909,2
1909,2
1909,3
1909,4
1909,4
1909,4
1909,4
1909,4
1909,4
1909,4
1909,4
1909,4
1909,4
1909,4
1909,4
1909,4
1909,4
1909,4
1909,4
1909,4
1909,4
1909,4
1909,4
1909,4
1909,4
1909,4
1909,4
1909,4
1909,4
1909,4
1909,4
1909,4
1909,4
1909,4
1909,4
1909,4
1909,4
1909,5
1909,5
1909,5
1909,6
1909,6
1909,6
1909,6
1909,6
1909,6
1909,6
1909,6
1909,6
1909,6
1909,6
1909,6
1909,6
1909,6
1909,6
1909,6
1909,6
1909,6
1909,7
1909,7
1909,7
1909,7
1909,8
1909,8
1909,8
1909,8
1909,8
1909,8
1909,16
1910,1
1910,2
1910,2
1910,2
1910,2
1910,2
1910,2
1910,2
1910,3
1910,3
1910,3
1910,3
1910,3
1910,4
1910,4
1910,4
1910,4
1910,4
1910,4
1910,4
1910,4
1910,4
1910,4
1910,4
1910,4
1910,4
1910,4
1910,4
1910,4
1910,4
1910,4
1910,4
1910,4
1910,4
1910,4
1910,4
1910,4
1910,4
1910,4
1910,4
1910,4
1910,4
1910,4
1910,4
1910,4
1910,4
1910,4
1910,4
1910,4
1910,4
1910,4
1910,6
1910,6
1910,6
1910,6
1910,6
1910,6
1910,6
1910,6
1910,6
1910,6
1910,6
1910,6
1910,6
1910,6
1910,6
1910,6
1910,7
1910,7
1910,7
1910,9
1910,10
1911,1
1911,1
1911,2
1911,2
1911,2
1911,2
1911,2
1911,2
1911,2
1911,2
1911,2
1911,2
1911,2
1911,3
1911,3
1911,3
1911,3
1911,4
1911,4
1911,4
1911,4
1911,4
1911,4
1911,4
1911,4
1911,4
1911,4
1911,4
1911,4
1911,4
1911,4
1911,4
1911,4
1911,4
1911,4
1911,4
1911,4
1911,4
1911,4
1911,4
1911,4
1911,4
1911,4
1911,4
1911,4
1911,4
1911,4
1911,4
1911,4
1911,4
1911,4
1911,4
1911,4
1911,4
1911,4
1911,4
1911,4
1911,4
1911,4
1911,4
1911,4
1911,4
1911,5
1911,5
1911,5
1911,5
1911,5
1911,6
1911,6
1911,6
1911,6
1911,6
1911,6
1911,6
1911,6
1911,6
1911,6
1911,6
1911,6
1911,6
1911,6
1911,6
1911,6
1911,6
1911,7
1911,7
1911,8
1911,9
1911,10
1911,10
1911,11
1912,1
1912,1
1912,1
1912,2
1912,2
1912,2
1912,2
1912,2
1912,3
1912,3
1912,3
1912,3
1912,4
1912,4
1912,4
1912,4
1912,4
1912,4
1912,4
1912,4
1912,4
1912,4
1912,4
1912,4
1912,4
1912,4
1912,4
1912,4
1912,4
1912,4
1912,4
1912,4
1912,4
1912,4
1912,4
1912,4
1912,4
1912,4
1912,4
1912,4
1912,4
1912,4
1912,4
1912,5
1912,5
1912,5
1912,5
1912,5
1912,5
1912,6
1912,6
1912,6
1912,6
1912,6
1912,6
1912,6
1912,6
1912,6
1912,6
1912,6
1912,6
1912,6
1912,6
1912,6
1912,7
1912,8
1912,8
1912,8
1913,1
1913,2
1913,2
1913,2
1913,2
1913,2
1913,2
1913,2
1913,3
1913,3
1913,3
1913,3
1913,4
1913,4
1913,4
1913,4
1913,4
1913,4
1913,4
1913,4
1913,4
1913,4
1913,4
1913,4
1913,4
1913,4
1913,4
1913,4
1913,4
1913,4
1913,4
1913,4
1913,4
1913,4
1913,4
1913,4
1913,4
1913,5
1913,5
1913,5
1913,5
1913,5
1913,5
1913,5
1913,5
1913,5
1913,6
1913,6
1913,6
1913,6
1913,6
1913,6
1913,6
1913,6
1913,7
1913,7
1913,7
1913,7
1913,7
1913,8
1913,8
1913,8
1913,8
1913,8
1913,8
1914,1
1914,1
1914,1
1914,1
1914,1
1914,2
1914,2
1914,2
1914,2
1914,2
1914,2
1914,2
1914,2
1914,3
1914,3
1914,3
1914,3
1914,3
1914,3
1914,3
1914,3
1914,3
1914,3
1914,3
1914,3
1914,3
1914,4
1914,4
1914,4
1914,4
1914,4
1914,4
1914,4
1914,4
1914,4
1914,4
1914,4
1914,4
1914,4
1914,4
1914,4
1914,4
1914,4
1914,4
1914,4
1914,4
1914,4
1914,4
1914,4
1914,4
1914,4
1914,4
1914,4
1914,4
1914,4
1914,4
1914,4
1914,4
1914,4
1914,4
1914,4
1914,4
1914,4
1914,4
1914,4
1914,4
1914,4
1914,4
1914,4
1914,4
1914,4
1914,4
1914,5
1914,5
1914,5
1914,5
1914,5
1914,5
1914,5
1914,5
1914,5
1914,5
1914,5
1914,5
1914,5
1914,5
1914,6
1914,6
1914,6
1914,6
1914,6
1914,6
1914,6
1914,6
1914,6
1914,6
1914,6
1914,6
1914,6
1914,6
1914,6
1914,6
1914,6
1914,6
1914,6
1914,6
1914,6
1914,6
1914,6
1914,7
1914,7
1914,7
1914,7
1914,7
1914,7
1914,7
1914,8
1914,8
1914,9
1914,9
1914,10
1915,1
1915,1
1915,1
1915,1
1915,2
1915,2
1915,2
1915,2
1915,2
1915,2
1915,2
1915,2
1915,2
1915,3
1915,3
1915,3
1915,3
1915,3
1915,3
1915,4
1915,4
1915,4
1915,4
1915,4
1915,4
1915,4
1915,4
1915,4
1915,4
1915,4
1915,4
1915,4
1915,4
1915,4
1915,4
1915,4
1915,4
1915,4
1915,4
1915,4
1915,4
1915,4
1915,4
1915,4
1915,4
1915,4
1915,4
1915,4
1915,4
1915,4
1915,4
1915,4
1915,4
1915,4
1915,4
1915,4
1915,4
1915,4
1915,4
1915,4
1915,4
1915,4
1915,5
1915,5
1915,5
1915,5
1915,5
1915,5
1915,5
1915,5
1915,5
1915,5
1915,5
1915,5
1915,5
1915,5
1915,5
1915,5
1915,5
1915,6
1915,6
1915,6
1915,6
1915,6
1915,6
1915,6
1915,6
1915,6
1915,6
1915,6
1915,6
1915,6
1915,6
1915,6
1915,6
1915,6
1915,6
1915,6
1915,6
1915,6
1915,6
1915,6
1915,6
1915,6
1915,7
1915,7
1915,7
1915,7
1915,7
1915,7
1915,7
1915,7
1915,7
1915,7
1915,7
1915,8
1915,8
1915,8
1915,8
1915,8
1915,9
1915,9
1915,9
1915,10
1915,10
1915,10
1916,2
1916,2
1916,2
1916,2
1916,2
1916,2
1916,2
1916,2
1916,3
1916,3
1916,3
1916,3
1916,3
1916,3
1916,3
1916,3
1916,3
1916,3
1916,4
1916,4
1916,4
1916,4
1916,4
1916,4
1916,4
1916,4
1916,4
1916,4
1916,4
1916,4
1916,4
1916,4
1916,4
1916,4
1916,4
1916,4
1916,4
1916,4
1916,4
1916,4
1916,4
1916,4
1916,4
1916,4
1916,4
1916,4
1916,4
1916,4
1916,4
1916,4
1916,4
1916,4
1916,5
1916,5
1916,5
1916,5
1916,5
1916,5
1916,5
1916,5
1916,5
1916,5
1916,5
1916,5
1916,5
1916,5
1916,5
1916,5
1916,5
1916,5
1916,5
1916,5
1916,6
1916,6
1916,6
1916,6
1916,6
1916,6
1916,6
1916,6
1916,6
1916,6
1916,6
1916,6
1916,6
1916,6
1916,6
1916,6
1916,6
1916,6
1916,6
1916,6
1916,6
1916,6
1916,6
1916,6
1916,6
1916,6
1916,6
1916,6
1916,7
1916,7
1916,7
1916,7
1916,7
1916,7
1916,7
1916,7
1916,7
1916,7
1916,7
1916,7
1916,7
1916,7
1916,7
1916,8
1916,8
1916,8
1916,8
1916,8
1916,9
1916,9
1916,9
1916,10
1916,10
1916,10
1916,10
1916,10
1916,10
1916,10
1917,1
1917,1
1917,1
1917,2
1917,2
1917,3
1917,4
1917,4
1917,4
1917,4
1917,4
1917,4
1917,4
1917,4
1917,4
1917,4
1917,4
1917,4
1917,4
1917,4
1917,4
1917,4
1917,4
1917,4
1917,4
1917,4
1917,4
1917,4
1917,4
1917,4
1917,4
1917,4
1917,4
1917,4
1917,4
1917,4
1917,4
1917,4
1917,4
1917,4
1917,4
1917,4
1917,4
1917,4
1917,4
1917,4
1917,4
1917,4
1917,4
1917,4
1917,4
1917,5
1917,5
1917,5
1917,5
1917,5
1917,5
1917,5
1917,5
1917,5
1917,5
1917,5
1917,5
1917,5
1917,5
1917,6
1917,6
1917,6
1917,6
1917,6
1917,6
1917,6
1917,6
1917,6
1917,6
1917,6
1917,6
1917,6
1917,6
1917,6
1917,6
1917,6
1917,6
1917,6
1917,6
1917,6
1917,6
1917,6
1917,6
1917,6
1917,6
1917,7
1917,7
1917,7
1917,7
1917,7
1917,7
1917,7
1917,7
1917,7
1917,7
1917,7
1917,7
1917,7
1917,7
1917,7
1917,7
1917,7
1917,7
1917,7
1917,8
1917,8
1917,8
1917,8
1917,8
1917,8
1917,8
1917,8
1917,8
1917,9
1917,9
1917,9
1917,10
1917,10
1917,12
1917,12
1917,12
1917,12
1918,1
1918,1
1918,3
1918,4
1918,4
1918,4
1918,4
1918,4
1918,4
1918,4
1918,4
1918,4
1918,4
1918,4
1918,4
1918,4
1918,4
1918,4
1918,4
1918,5
1918,5
1918,5
1918,5
1918,5
1918,5
1918,5
1918,5
1918,5
1918,5
1918,6
1918,6
1918,6
1918,6
1918,6
1918,6
1918,6
1918,6
1918,6
1918,6
1918,6
1918,6
1918,6
1918,6
1918,6
1918,6
1918,6
1918,7
1918,7
1918,7
1918,7
1918,7
1918,7
1918,7
1918,7
1918,7
1918,7
1918,7
1918,8
1918,8
1918,8
1918,8
1918,8
1918,8
1918,9
1918,9
1918,9
1918,9
1918,9
1918,11
1918,11
1918,13
1919,1
1919,1
1919,2
1919,3
1919,3
1919,3
1919,3
1919,3
1919,3
1919,3
1919,4
1919,4
1919,4
1919,4
1919,4
1919,4
1919,4
1919,4
1919,4
1919,4
1919,4
1919,4
1919,4
1919,4
1919,4
1919,4
1919,4
1919,4
1919,4
1919,5
1919,5
1919,5
1919,5
1919,5
1919,5
1919,5
1919,6
1919,6
1919,6
1919,6
1919,6
1919,6
1919,6
1919,6
1919,6
1919,6
1919,6
1919,6
1919,6
1919,6
1919,6
1919,6
1919,6
1919,6
1919,7
1919,7
1919,7
1919,7
1919,7
1919,7
1919,7
1919,7
1919,7
1919,7
1919,8
1919,8
1919,8
1919,8
1919,8
1919,8
1919,8
1919,8
1919,8
1919,8
1919,8
1919,9
1919,9
1919,9
1919,9
1919,9
1919,10
1919,10
1919,12
1920,1
1920,1
1920,1
1920,1
1920,1
1920,1
1920,1
1920,1
1920,1
1920,2
1920,2
1920,3
1920,3
1920,3
1920,4
1920,4
1920,4
1920,4
1920,4
1920,4
1920,4
1920,4
1920,4
1920,4
1920,4
1920,4
1920,4
1920,4
1920,4
1920,4
1920,4
1920,4
1920,5
1920,5
1920,5
1920,5
1920,5
1920,5
1920,5
1920,5
1920,5
1920,5
1920,5
1920,5
1920,6
1920,6
1920,6
1920,6
1920,6
1920,6
1920,6
1920,6
1920,6
1920,6
1920,6
1920,6
1920,6
1920,6
1920,6
1920,6
1920,6
1920,6
1920,6
1920,6
1920,6
1920,6
1920,6
1920,6
1920,7
1920,7
1920,7
1920,7
1920,7
1920,7
1920,7
1920,7
1920,7
1920,7
1920,7
1920,7
1920,7
1920,7
1920,7
1920,7
1920,7
1920,7
1920,7
1920,7
1920,8
1920,8
1920,8
1920,8
1920,8
1920,8
1920,8
1920,8
1920,8
1920,8
1920,8
1920,8
1920,8
1920,9
1920,9
1920,9
1920,9
1920,9
1920,9
1920,9
1920,10
1920,10
1920,10
1920,10
1920,11
1920,11
1920,12
1920,12
1920,13
1920,14
1921,1
1921,1
1921,1
1921,1
1921,1
1921,1
1921,1
1921,1
1921,2
1921,2
1921,3
1921,4
1921,4
1921,4
1921,4
1921,4
1921,4
1921,4
1921,4
1921,4
1921,4
1921,4
1921,4
1921,4
1921,4
1921,4
1921,4
1921,5
1921,5
1921,5
1921,5
1921,5
1921,5
1921,5
1921,5
1921,5
1921,5
1921,5
1921,6
1921,6
1921,6
1921,6
1921,6
1921,6
1921,6
1921,6
1921,6
1921,6
1921,6
1921,6
1921,6
1921,6
1921,6
1921,6
1921,6
1921,7
1921,7
1921,7
1921,7
1921,7
1921,7
1921,7
1921,7
1921,7
1921,7
1921,7
1921,7
1921,7
1921,7
1921,7
1921,8
1921,8
1921,8
1921,8
1921,8
1921,8
1921,8
1921,8
1921,9
1921,9
1921,9
1921,9
1921,9
1921,9
1921,9
1921,9
1921,10
1921,10
1921,10
1921,10
1921,10
1921,10
1921,10
1921,10
1921,10
1921,11
1921,11
1921,11
1921,11
1921,11
1921,11
1921,11
1921,11
1921,11
1921,12
1921,13
1921,15
1921,15
1922,1
1922,1
1922,1
1922,2
1922,2
1922,2
1922,2
1922,3
1922,3
1922,4
1922,4
1922,4
1922,4
1922,4
1922,4
1922,4
1922,4
1922,4
1922,4
1922,4
1922,4
1922,4
1922,4
1922,4
1922,4
1922,4
1922,4
1922,4
1922,4
1922,4
1922,4
1922,4
1922,4
1922,4
1922,4
1922,5
1922,5
1922,5
1922,5
1922,5
1922,5
1922,5
1922,5
1922,5
1922,5
1922,5
1922,5
1922,5
1922,5
1922,5
1922,5
1922,5
1922,5
1922,5
1922,5
1922,5
1922,6
1922,6
1922,6
1922,6
1922,6
1922,6
1922,6
1922,6
1922,6
1922,6
1922,6
1922,6
1922,6
1922,6
1922,6
1922,6
1922,6
1922,6
1922,6
1922,6
1922,6
1922,6
1922,6
1922,6
1922,6
1922,6
1922,6
1922,6
1922,6
1922,6
1922,6
1922,6
1922,7
1922,7
1922,7
1922,7
1922,7
1922,7
1922,7
1922,7
1922,7
1922,7
1922,7
1922,7
1922,7
1922,7
1922,7
1922,7
1922,7
1922,7
1922,7
1922,7
1922,7
1922,7
1922,8
1922,8
1922,8
1922,8
1922,8
1922,8
1922,8
1922,8
1922,8
1922,8
1922,8
1922,8
1922,8
1922,8
1922,8
1922,8
1922,8
1922,8
1922,8
1922,8
1922,9
1922,9
1922,9
1922,9
1922,9
1922,9
1922,9
1922,9
1922,9
1922,9
1922,9
1922,9
1922,10
1922,10
1922,10
1922,10
1922,10
1922,10
1922,10
1922,10
1922,11
1922,11
1922,11
1922,11
1922,12
1922,13
1922,13
1922,13
1922,13
1922,13
1922,14
1923,1
1923,1
1923,1
1923,1
1923,2
1923,2
1923,2
1923,2
1923,3
1923,3
1923,3
1923,3
1923,3
1923,3
1923,4
1923,4
1923,4
1923,4
1923,4
1923,4
1923,4
1923,4
1923,4
1923,4
1923,4
1923,4
1923,4
1923,4
1923,4
1923,4
1923,4
1923,4
1923,4
1923,4
1923,4
1923,4
1923,4
1923,4
1923,4
1923,4
1923,4
1923,5
1923,5
1923,5
1923,5
1923,5
1923,5
1923,5
1923,5
1923,5
1923,5
1923,5
1923,5
1923,5
1923,5
1923,5
1923,5
1923,5
1923,6
1923,6
1923,6
1923,6
1923,6
1923,6
1923,6
1923,6
1923,6
1923,6
1923,6
1923,6
1923,6
1923,6
1923,6
1923,6
1923,6
1923,6
1923,6
1923,6
1923,6
1923,6
1923,6
1923,6
1923,6
1923,7
1923,7
1923,7
1923,7
1923,7
1923,7
1923,7
1923,7
1923,7
1923,7
1923,7
1923,7
1923,8
1923,8
1923,8
1923,8
1923,8
1923,8
1923,8
1923,8
1923,8
1923,8
1923,8
1923,8
1923,8
1923,8
1923,8
1923,8
1923,8
1923,8
1923,9
1923,9
1923,9
1923,9
1923,9
1923,9
1923,9
1923,10
1923,10
1923,10
1923,10
1923,11
1923,11
1923,11
1923,11
1923,11
1923,12
1923,12
1924,1
1924,2
1924,2
1924,3
1924,3
1924,4
1924,4
1924,4
1924,4
1924,4
1924,4
1924,4
1924,4
1924,4
1924,4
1924,4
1924,4
1924,4
1924,4
1924,4
1924,4
1924,4
1924,4
1924,4
1924,4
1924,4
1924,5
1924,5
1924,5
1924,5
1924,5
1924,5
1924,5
1924,5
1924,5
1924,5
1924,6
1924,6
1924,6
1924,6
1924,6
1924,6
1924,6
1924,6
1924,6
1924,6
1924,6
1924,6
1924,6
1924,6
1924,6
1924,6
1924,6
1924,6
1924,6
1924,6
1924,6
1924,6
1924,6
1924,6
1924,6
1924,6
1924,7
1924,7
1924,7
1924,7
1924,7
1924,7
1924,7
1924,7
1924,7
1924,7
1924,7
1924,8
1924,8
1924,8
1924,8
1924,8
1924,8
1924,8
1924,8
1924,8
1924,8
1924,8
1924,8
1924,8
1924,8
1924,8
1924,9
1924,9
1924,9
1924,9
1924,9
1924,9
1924,9
1924,9
1924,9
1924,10
1924,10
1924,10
1924,10
1924,10
1924,11
1924,11
1924,11
1924,11
1924,11
1924,11
1924,11
1924,13
1924,14
1924,14
1924,15
1924,23
1925,2
1925,2
1925,3
1925,4
1925,4
1925,4
1925,4
1925,4
1925,4
1925,4
1925,4
1925,4
1925,4
1925,4
1925,4
1925,4
1925,4
1925,5
1925,5
1925,5
1925,5
1925,5
1925,5
1925,5
1925,5
1925,5
1925,5
1925,5
1925,5
1925,6
1925,6
1925,6
1925,6
1925,6
1925,6
1925,6
1925,6
1925,6
1925,6
1925,6
1925,6
1925,6
1925,6
1925,6
1925,6
1925,6
1925,7
1925,7
1925,7
1925,7
1925,7
1925,7
1925,8
1925,8
1925,8
1925,8
1925,8
1925,8
1925,8
1925,8
1925,8
1925,8
1925,8
1925,8
1925,8
1925,8
1925,9
1925,9
1925,9
1925,9
1925,9
1925,9
1925,9
1925,10
1925,10
1925,10
1925,10
1925,11
1925,11
1925,11
1925,11
1925,11
1925,12
1925,12
1925,12
1925,13
1925,13
1925,14
1925,14
1925,17
1925,17
1926,1
1926,2
1926,2
1926,3
1926,4
1926,4
1926,4
1926,4
1926,4
1926,4
1926,4
1926,4
1926,4
1926,4
1926,4
1926,4
1926,4
1926,4
1926,4
1926,5
1926,5
1926,5
1926,5
1926,5
1926,5
1926,5
1926,5
1926,5
1926,5
1926,5
1926,5
1926,5
1926,6
1926,6
1926,6
1926,6
1926,6
1926,6
1926,6
1926,6
1926,6
1926,6
1926,6
1926,6
1926,6
1926,6
1926,6
1926,7
1926,7
1926,7
1926,7
1926,7
1926,7
1926,7
1926,8
1926,8
1926,8
1926,8
1926,9
1926,9
1926,9
1926,9
1926,9
1926,9
1926,9
1926,9
1926,10
1926,10
1926,10
1926,10
1926,10
1926,10
1926,10
1926,11
1926,11
1926,12
1926,12
1926,13
1926,13
1926,14
1926,14
1927,2
1927,2
1927,3
1927,4
1927,4
1927,4
1927,4
1927,4
1927,4
1927,4
1927,4
1927,4
1927,4
1927,5
1927,5
1927,5
1927,5
1927,5
1927,5
1927,6
1927,6
1927,6
1927,6
1927,6
1927,6
1927,6
1927,6
1927,6
1927,6
1927,6
1927,6
1927,6
1927,6
1927,6
1927,6
1927,6
1927,6
1927,6
1927,6
1927,7
1927,7
1927,7
1927,7
1927,7
1927,7
1927,7
1927,8
1927,8
1927,8
1927,8
1927,8
1927,9
1927,9
1927,9
1927,9
1927,9
1927,9
1927,9
1927,9
1927,9
1927,9
1927,9
1927,9
1927,10
1927,10
1927,10
1927,10
1927,10
1927,10
1927,11
1927,11
1927,11
1927,11
1927,11
1927,11
1927,12
1927,12
1927,12
1927,12
1927,13
1927,13
1927,13
1927,13
1927,13
1927,15
1927,16
1928,2
1928,2
1928,2
1928,3
1928,4
1928,4
1928,4
1928,4
1928,4
1928,4
1928,4
1928,4
1928,4
1928,4
1928,4
1928,4
1928,4
1928,4
1928,4
1928,5
1928,5
1928,5
1928,5
1928,5
1928,5
1928,5
1928,5
1928,6
1928,6
1928,6
1928,6
1928,6
1928,6
1928,6
1928,6
1928,6
1928,6
1928,6
1928,6
1928,6
1928,6
1928,6
1928,6
1928,6
1928,6
1928,6
1928,7
1928,7
1928,7
1928,7
1928,7
1928,7
1928,7
1928,7
1928,7
1928,8
1928,8
1928,8
1928,8
1928,8
1928,8
1928,8
1928,8
1928,8
1928,8
1928,9
1928,9
1928,9
1928,9
1928,9
1928,9
1928,9
1928,9
1928,9
1928,9
1928,9
1928,9
1928,9
1928,10
1928,10
1928,10
1928,10
1928,10
1928,10
1928,11
1928,11
1928,11
1928,11
1928,11
1928,11
1928,11
1928,12
1928,12
1928,12
1928,12
1928,12
1928,12
1928,13
1928,13
1928,13
1928,14
1928,16
1928,17
1928,17
1928,17
1928,17
1928,18
1928,18
1928,19
1928,19
1928,20
1929,1
1929,3
1929,4
1929,4
1929,4
1929,4
1929,4
1929,4
1929,4
1929,4
1929,4
1929,4
1929,4
1929,4
1929,4
1929,4
1929,5
1929,5
1929,5
1929,5
1929,5
1929,5
1929,5
1929,5
1929,5
1929,6
1929,6
1929,6
1929,6
1929,6
1929,6
1929,6
1929,6
1929,6
1929,6
1929,6
1929,6
1929,6
1929,6
1929,6
1929,6
1929,6
1929,7
1929,7
1929,7
1929,7
1929,7
1929,7
1929,8
1929,8
1929,8
1929,8
1929,8
1929,8
1929,8
1929,8
1929,8
1929,8
1929,8
1929,8
1929,8
1929,8
1929,9
1929,9
1929,9
1929,9
1929,9
1929,9
1929,9
1929,9
1929,10
1929,10
1929,10
1929,10
1929,10
1929,10
1929,10
1929,11
1929,11
1929,12
1929,12
1929,13
1929,13
1929,13
1929,14
1929,15
1929,15
1929,16
1929,16
1929,16
1929,17
1929,17
1929,18
1929,18
1929,18
1930,3
1930,4
1930,4
1930,4
1930,4
1930,4
1930,4
1930,4
1930,4
1930,4
1930,4
1930,4
1930,5
1930,5
1930,5
1930,5
1930,5
1930,5
1930,5
1930,5
1930,5
1930,5
1930,5
1930,5
1930,5
1930,5
1930,5
1930,5
1930,6
1930,6
1930,6
1930,6
1930,6
1930,6
1930,6
1930,6
1930,6
1930,6
1930,6
1930,6
1930,6
1930,6
1930,6
1930,6
1930,6
1930,6
1930,6
1930,6
1930,6
1930,6
1930,7
1930,7
1930,7
1930,7
1930,7
1930,7
1930,7
1930,7
1930,7
1930,7
1930,7
1930,7
1930,7
1930,7
1930,7
1930,8
1930,8
1930,8
1930,8
1930,8
1930,8
1930,8
1930,8
1930,8
1930,8
1930,8
1930,8
1930,8
1930,8
1930,8
1930,8
1930,8
1930,8
1930,8
1930,9
1930,9
1930,9
1930,9
1930,9
1930,9
1930,9
1930,9
1930,9
1930,9
1930,9
1930,9
1930,9
1930,9
1930,9
1930,9
1930,9
1930,9
1930,9
1930,10
1930,10
1930,10
1930,10
1930,10
1930,10
1930,10
1930,10
1930,10
1930,10
1930,10
1930,10
1930,10
1930,11
1930,11
1930,11
1930,11
1930,11
1930,11
1930,11
1930,12
1930,12
1930,12
1930,12
1930,12
1930,12
1930,12
1930,12
1930,12
1930,12
1930,12
1930,13
1930,13
1930,13
1930,13
1930,14
1930,14
1930,14
1930,15
1930,15
1930,15
1930,15
1930,15
1930,16
1930,16
1930,17
1930,17
1930,17
1930,17
1930,18
1930,19
1930,20
1931,3
1931,4
1931,4
1931,4
1931,4
1931,4
1931,4
1931,4
1931,4
1931,4
1931,4
1931,4
1931,4
1931,5
1931,5
1931,5
1931,5
1931,5
1931,5
1931,5
1931,5
1931,5
1931,5
1931,6
1931,6
1931,6
1931,6
1931,6
1931,6
1931,6
1931,6
1931,6
1931,6
1931,6
1931,6
1931,6
1931,6
1931,6
1931,6
1931,6
1931,6
1931,6
1931,6
1931,7
1931,7
1931,7
1931,7
1931,7
1931,7
1931,7
1931,7
1931,7
1931,7
1931,7
1931,7
1931,7
1931,7
1931,7
1931,7
1931,7
1931,7
1931,7
1931,7
1931,7
1931,7
1931,7
1931,7
1931,8
1931,8
1931,8
1931,8
1931,8
1931,8
1931,8
1931,8
1931,8
1931,8
1931,8
1931,8
1931,8
1931,8
1931,8
1931,8
1931,8
1931,8
1931,8
1931,8
1931,8
1931,8
1931,8
1931,9
1931,9
1931,9
1931,9
1931,9
1931,9
1931,9
1931,9
1931,9
1931,9
1931,9
1931,9
1931,10
1931,10
1931,10
1931,10
1931,10
1931,10
1931,10
1931,10
1931,10
1931,10
1931,10
1931,10
1931,11
1931,11
1931,11
1931,11
1931,11
1931,11
1931,11
1931,11
1931,11
1931,11
1931,12
1931,12
1931,12
1931,12
1931,12
1931,12
1931,13
1931,13
1931,13
1931,13
1931,13
1931,13
1931,13
1931,13
1931,13
1931,13
1931,14
1931,14
1931,14
1931,14
1931,14
1931,15
1931,15
1931,16
1931,16
1931,16
1931,18
1931,20
1932,4
1932,4
1932,4
1932,5
1932,5
1932,5
1932,5
1932,5
1932,6
1932,6
1932,6
1932,6
1932,6
1932,6
1932,6
1932,6
1932,6
1932,6
1932,6
1932,6
1932,6
1932,6
1932,6
1932,6
1932,6
1932,6
1932,6
1932,6
1932,7
1932,7
1932,7
1932,7
1932,7
1932,7
1932,7
1932,7
1932,7
1932,7
1932,7
1932,7
1932,7
1932,8
1932,8
1932,8
1932,8
1932,8
1932,8
1932,8
1932,8
1932,8
1932,8
1932,8
1932,8
1932,8
1932,9
1932,9
1932,9
1932,9
1932,9
1932,9
1932,9
1932,9
1932,9
1932,9
1932,9
1932,9
1932,9
1932,9
1932,10
1932,10
1932,10
1932,10
1932,10
1932,10
1932,10
1932,10
1932,10
1932,11
1932,11
1932,11
1932,11
1932,11
1932,11
1932,12
1932,12
1932,12
1932,12
1932,12
1932,12
1932,12
1932,12
1932,12
1932,12
1932,13
1932,13
1932,14
1932,14
1932,14
1932,14
1932,15
1932,15
1932,16
1932,17
1932,17
1932,19
1933,4
1933,4
1933,4
1933,4
1933,4
1933,4
1933,4
1933,4
1933,4
1933,5
1933,5
1933,5
1933,6
1933,6
1933,6
1933,6
1933,6
1933,6
1933,6
1933,6
1933,6
1933,6
1933,6
1933,7
1933,7
1933,7
1933,7
1933,7
1933,7
1933,7
1933,7
1933,8
1933,8
1933,8
1933,8
1933,8
1933,8
1933,8
1933,8
1933,8
1933,8
1933,8
1933,8
1933,8
1933,8
1933,8
1933,9
1933,9
1933,9
1933,9
1933,9
1933,9
1933,9
1933,9
1933,9
1933,9
1933,9
1933,9
1933,9
1933,9
1933,9
1933,9
1933,10
1933,10
1933,10
1933,10
1933,10
1933,10
1933,11
1933,11
1933,11
1933,11
1933,11
1933,11
1933,11
1933,11
1933,11
1933,12
1933,12
1933,12
1933,12
1933,12
1933,12
1933,12
1933,12
1933,12
1933,13
1933,13
1933,13
1933,13
1933,14
1933,14
1933,14
1933,15
1933,15
1933,15
1933,15
1933,15
1933,16
1933,16
1933,16
1933,17
1933,18
1933,19
1933,20
1933,21
1934,1
1934,4
1934,4
1934,4
1934,4
1934,4
1934,4
1934,5
1934,5
1934,5
1934,5
1934,6
1934,6
1934,6
1934,6
1934,6
1934,6
1934,6
1934,6
1934,6
1934,6
1934,6
1934,7
1934,7
1934,7
1934,7
1934,7
1934,7
1934,7
1934,7
1934,7
1934,7
1934,7
1934,7
1934,7
1934,7
1934,8
1934,8
1934,8
1934,8
1934,8
1934,8
1934,8
1934,8
1934,8
1934,8
1934,8
1934,8
1934,8
1934,8
1934,8
1934,9
1934,9
1934,9
1934,9
1934,9
1934,9
1934,9
1934,9
1934,9
1934,9
1934,9
1934,10
1934,10
1934,10
1934,10
1934,10
1934,10
1934,10
1934,10
1934,10
1934,10
1934,10
1934,11
1934,11
1934,11
1934,11
1934,12
1934,12
1934,12
1934,12
1934,12
1934,13
1934,13
1934,13
1934,14
1934,14
1934,15
1934,15
1934,16
1934,16
1934,16
1934,16
1934,17
1934,18
1934,18
1934,18
1934,19
1934,20
1935,4
1935,4
1935,4
1935,4
1935,4
1935,5
1935,5
1935,5
1935,5
1935,5
1935,6
1935,6
1935,6
1935,6
1935,6
1935,6
1935,6
1935,6
1935,6
1935,6
1935,6
1935,6
1935,6
1935,6
1935,6
1935,7
1935,7
1935,7
1935,7
1935,7
1935,7
1935,7
1935,7
1935,7
1935,7
1935,8
1935,8
1935,8
1935,8
1935,8
1935,8
1935,8
1935,8
1935,8
1935,8
1935,8
1935,8
1935,8
1935,9
1935,9
1935,9
1935,9
1935,9
1935,9
1935,10
1935,10
1935,10
1935,10
1935,10
1935,10
1935,10
1935,10
1935,10
1935,10
1935,10
1935,11
1935,11
1935,11
1935,11
1935,12
1935,12
1935,12
1935,12
1935,12
1935,12
1935,13
1935,13
1935,13
1935,13
1935,13
1935,13
1935,13
1935,14
1935,14
1935,14
1935,14
1935,14
1935,15
1935,15
1935,15
1935,15
1935,15
1935,16
1935,16
1935,19
1935,19
1935,20
1935,20
1936,4
1936,4
1936,4
1936,4
1936,4
1936,4
1936,4
1936,4
1936,4
1936,4
1936,5
1936,5
1936,5
1936,6
1936,6
1936,6
1936,6
1936,6
1936,6
1936,6
1936,6
1936,6
1936,6
1936,7
1936,7
1936,7
1936,7
1936,7
1936,7
1936,7
1936,7
1936,8
1936,8
1936,8
1936,8
1936,8
1936,8
1936,8
1936,8
1936,8
1936,8
1936,8
1936,8
1936,8
1936,8
1936,8
1936,8
1936,8
1936,8
1936,8
1936,8
1936,9
1936,9
1936,9
1936,9
1936,9
1936,9
1936,9
1936,10
1936,10
1936,10
1936,10
1936,10
1936,10
1936,10
1936,10
1936,10
1936,10
1936,10
1936,10
1936,10
1936,10
1936,11
1936,11
1936,12
1936,12
1936,12
1936,12
1936,12
1936,12
1936,12
1936,12
1936,12
1936,13
1936,13
1936,13
1936,13
1936,13
1936,13
1936,13
1936,13
1936,14
1936,14
1936,14
1936,14
1936,14
1936,14
1936,14
1936,14
1936,15
1936,18
1936,18
1936,18
1936,19
1936,20
1936,20
1936,21
1936,23
1937,2
1937,4
1937,4
1937,4
1937,4
1937,5
1937,5
1937,5
1937,5
1937,5
1937,5
1937,5
1937,5
1937,5
1937,5
1937,6
1937,6
1937,6
1937,6
1937,6
1937,6
1937,6
1937,6
1937,6
1937,6
1937,6
1937,6
1937,6
1937,7
1937,7
1937,7
1937,7
1937,7
1937,7
1937,7
1937,7
1937,7
1937,7
1937,7
1937,7
1937,8
1937,8
1937,8
1937,8
1937,8
1937,8
1937,8
1937,8
1937,8
1937,8
1937,8
1937,8
1937,8
1937,8
1937,9
1937,9
1937,9
1937,9
1937,9
1937,9
1937,10
1937,10
1937,10
1937,10
1937,10
1937,10
1937,10
1937,10
1937,10
1937,10
1937,11
1937,11
1937,11
1937,11
1937,11
1937,11
1937,11
1937,12
1937,12
1937,12
1937,12
1937,13
1937,13
1937,13
1937,13
1937,13
1937,13
1937,14
1937,14
1937,14
1937,14
1937,14
1937,14
1937,14
1937,15
1937,15
1937,15
1937,15
1937,15
1937,16
1937,16
1937,17
1937,17
1937,18
1937,26
1938,2
1938,2
1938,3
1938,3
1938,4
1938,4
1938,4
1938,4
1938,4
1938,4
1938,4
1938,4
1938,4
1938,4
1938,4
1938,4
1938,4
1938,4
1938,4
1938,5
1938,5
1938,5
1938,5
1938,5
1938,5
1938,5
1938,6
1938,6
1938,6
1938,6
1938,6
1938,6
1938,6
1938,6
1938,6
1938,6
1938,6
1938,6
1938,6
1938,6
1938,6
1938,6
1938,6
1938,6
1938,6
1938,6
1938,6
1938,6
1938,6
1938,6
1938,6
1938,6
1938,6
1938,6
1938,7
1938,7
1938,7
1938,7
1938,7
1938,7
1938,7
1938,7
1938,7
1938,8
1938,8
1938,8
1938,8
1938,8
1938,8
1938,8
1938,8
1938,8
1938,8
1938,8
1938,8
1938,8
1938,8
1938,8
1938,8
1938,9
1938,9
1938,9
1938,9
1938,9
1938,9
1938,9
1938,10
1938,10
1938,10
1938,10
1938,10
1938,10
1938,10
1938,10
1938,10
1938,10
1938,10
1938,10
1938,10
1938,10
1938,11
1938,11
1938,11
1938,11
1938,11
1938,11
1938,11
1938,11
1938,11
1938,11
1938,11
1938,11
1938,11
1938,11
1938,12
1938,12
1938,12
1938,12
1938,12
1938,12
1938,12
1938,12
1938,12
1938,12
1938,13
1938,13
1938,13
1938,13
1938,13
1938,13
1938,13
1938,13
1938,14
1938,14
1938,14
1938,14
1938,14
1938,14
1938,14
1938,14
1938,14
1938,15
1938,15
1938,15
1938,15
1938,16
1938,16
1938,17
1938,17
1938,17
1938,17
1938,17
1938,18
1938,18
1938,18
1938,18
1938,24
1938,24
1938,27
1938,29
1939,2
1939,3
1939,3
1939,4
1939,4
1939,4
1939,4
1939,4
1939,4
1939,4
1939,4
1939,4
1939,4
1939,5
1939,5
1939,5
1939,5
1939,5
1939,5
1939,5
1939,5
1939,6
1939,6
1939,6
1939,6
1939,6
1939,6
1939,6
1939,6
1939,6
1939,6
1939,6
1939,7
1939,7
1939,7
1939,7
1939,7
1939,7
1939,7
1939,7
1939,7
1939,7
1939,7
1939,7
1939,7
1939,8
1939,8
1939,8
1939,8
1939,8
1939,8
1939,8
1939,8
1939,8
1939,8
1939,8
1939,8
1939,8
1939,8
1939,8
1939,9
1939,9
1939,9
1939,9
1939,9
1939,9
1939,9
1939,9
1939,9
1939,9
1939,9
1939,9
1939,9
1939,10
1939,10
1939,10
1939,10
1939,10
1939,10
1939,10
1939,10
1939,10
1939,11
1939,11
1939,11
1939,11
1939,11
1939,11
1939,11
1939,12
1939,12
1939,12
1939,12
1939,12
1939,12
1939,13
1939,13
1939,13
1939,13
1939,13
1939,13
1939,14
1939,14
1939,14
1939,15
1939,15
1939,15
1939,16
1939,17
1939,17
1939,17
1939,18
1939,18
1939,18
1939,18
1939,19
1939,19
1939,20
1939,20
1940,1
1940,3
1940,3
1940,4
1940,4
1940,4
1940,5
1940,5
1940,6
1940,6
1940,6
1940,7
1940,7
1940,7
1940,7
1940,7
1940,8
1940,8
1940,8
1940,8
1940,8
1940,8
1940,8
1940,9
1940,9
1940,9
1940,10
1940,10
1940,10
1940,10
1940,10
1940,10
1940,11
1940,11
1940,11
1940,11
1940,11
1940,11
1940,12
1940,12
1940,12
1940,12
1940,12
1940,13
1940,13
1940,13
1940,13
1940,13
1940,13
1940,13
1940,13
1940,14
1940,14
1940,14
1940,14
1940,14
1940,14
1940,15
1940,15
1940,15
1940,15
1940,15
1940,15
1940,16
1940,16
1940,16
1940,17
1940,17
1940,17
1940,17
1940,18
1940,19
1940,19
1940,20
1940,20
1941,2
1941,2
1941,4
1941,4
1941,4
1941,5
1941,5
1941,5
1941,5
1941,6
1941,6
1941,6
1941,6
1941,6
1941,6
1941,6
1941,6
1941,6
1941,7
1941,7
1941,7
1941,7
1941,7
1941,7
1941,7
1941,7
1941,7
1941,7
1941,7
1941,7
1941,8
1941,8
1941,8
1941,8
1941,8
1941,8
1941,8
1941,8
1941,8
1941,8
1941,9
1941,9
1941,9
1941,9
1941,9
1941,9
1941,9
1941,9
1941,9
1941,9
1941,9
1941,10
1941,10
1941,10
1941,10
1941,10
1941,10
1941,11
1941,11
1941,11
1941,11
1941,11
1941,11
1941,12
1941,12
1941,12
1941,12
1941,12
1941,12
1941,12
1941,12
1941,13
1941,13
1941,13
1941,13
1941,13
1941,13
1941,13
1941,14
1941,14
1941,14
1941,14
1941,15
1941,15
1941,15
1941,15
1941,15
1941,15
1941,16
1941,16
1941,16
1941,16
1941,16
1941,16
1941,16
1941,17
1941,17
1941,17
1941,17
1941,17
1941,18
1941,18
1941,18
1941,18
1941,18
1941,19
1941,19
1941,19
1941,19
1941,19
1941,20
1941,21
1941,22
1942,1
1942,4
1942,5
1942,5
1942,5
1942,6
1942,6
1942,6
1942,7
1942,7
1942,7
1942,7
1942,7
1942,8
1942,8
1942,8
1942,8
1942,8
1942,8
1942,9
1942,9
1942,9
1942,10
1942,10
1942,10
1942,10
1942,10
1942,10
1942,10
1942,10
1942,10
1942,10
1942,10
1942,11
1942,11
1942,11
1942,11
1942,12
1942,12
1942,12
1942,12
1942,13
1942,13
1942,13
1942,13
1942,13
1942,14
1942,15
1942,15
1942,15
1942,15
1942,15
1942,15
1942,15
1942,16
1942,16
1942,16
1942,17
1942,17
1942,17
1942,17
1942,18
1942,18
1942,18
1942,19
1942,19
1942,19
1942,21
1942,21
1942,21
1942,22
1942,23
1942,23
1942,29
1943,3
1943,3
1943,4
1943,4
1943,5
1943,5
1943,5
1943,5
1943,5
1943,5
1943,5
1943,6
1943,6
1943,6
1943,6
1943,6
1943,6
1943,6
1943,6
1943,6
1943,7
1943,7
1943,7
1943,7
1943,7
1943,7
1943,7
1943,7
1943,7
1943,7
1943,7
1943,8
1943,8
1943,8
1943,8
1943,8
1943,8
1943,8
1943,8
1943,8
1943,8
1943,8
1943,8
1943,8
1943,8
1943,8
1943,8
1943,8
1943,9
1943,9
1943,9
1943,9
1943,9
1943,9
1943,9
1943,9
1943,9
1943,9
1943,9
1943,9
1943,9
1943,9
1943,10
1943,10
1943,10
1943,10
1943,10
1943,10
1943,10
1943,10
1943,10
1943,10
1943,10
1943,10
1943,10
1943,10
1943,10
1943,10
1943,10
1943,10
1943,10
1943,10
1943,11
1943,11
1943,11
1943,11
1943,11
1943,11
1943,11
1943,11
1943,11
1943,11
1943,11
1943,11
1943,11
1943,11
1943,11
1943,12
1943,12
1943,12
1943,12
1943,12
1943,12
1943,12
1943,12
1943,12
1943,12
1943,12
1943,12
1943,12
1943,12
1943,12
1943,12
1943,12
1943,13
1943,13
1943,13
1943,13
1943,13
1943,13
1943,13
1943,13
1943,14
1943,14
1943,14
1943,14
1943,14
1943,14
1943,14
1943,14
1943,14
1943,14
1943,14
1943,15
1943,15
1943,15
1943,16
1943,16
1943,16
1943,16
1943,16
1943,16
1943,16
1943,16
1943,16
1943,16
1943,16
1943,17
1943,17
1943,17
1943,17
1943,18
1943,18
1943,18
1943,18
1943,19
1943,19
1943,19
1943,19
1943,19
1943,19
1943,19
1943,19
1943,20
1943,20
1943,21
1943,21
1943,21
1943,22
1943,22
1943,25
1943,26
1944,1
1944,4
1944,4
1944,4
1944,4
1944,5
1944,5
1944,5
1944,5
1944,5
1944,6
1944,6
1944,6
1944,6
1944,6
1944,7
1944,7
1944,7
1944,7
1944,7
1944,7
1944,7
1944,7
1944,7
1944,8
1944,8
1944,8
1944,8
1944,8
1944,8
1944,8
1944,8
1944,9
1944,9
1944,9
1944,9
1944,9
1944,10
1944,10
1944,10
1944,10
1944,10
1944,10
1944,10
1944,10
1944,10
1944,10
1944,11
1944,11
1944,11
1944,11
1944,11
1944,11
1944,11
1944,11
1944,11
1944,12
1944,12
1944,12
1944,12
1944,12
1944,12
1944,12
1944,13
1944,13
1944,13
1944,13
1944,13
1944,14
1944,14
1944,14
1944,14
1944,14
1944,14
1944,15
1944,15
1944,15
1944,15
1944,15
1944,15
1944,15
1944,15
1944,15
1944,15
1944,15
1944,16
1944,16
1944,16
1944,16
1944,16
1944,16
1944,17
1944,17
1944,17
1944,17
1944,18
1944,19
1944,19
1944,19
1944,19
1944,20
1944,21
1944,21
1944,21
1944,21
1944,22
1944,22
1945,1
1945,1
1945,1
1945,1
1945,1
1945,1
1945,1
1945,1
1945,1
1945,1
1945,2
1945,2
1945,3
1945,4
1945,4
1945,5
1945,5
1945,5
1945,5
1945,5
1945,5
1945,5
1945,6
1945,6
1945,6
1945,6
1945,6
1945,6
1945,6
1945,6
1945,6
1945,6
1945,6
1945,6
1945,6
1945,6
1945,7
1945,7
1945,7
1945,7
1945,7
1945,7
1945,7
1945,7
1945,7
1945,7
1945,7
1945,7
1945,7
1945,7
1945,7
1945,7
1945,8
1945,8
1945,8
1945,8
1945,8
1945,8
1945,8
1945,8
1945,8
1945,8
1945,8
1945,8
1945,8
1945,8
1945,8
1945,9
1945,9
1945,9
1945,9
1945,9
1945,9
1945,9
1945,9
1945,9
1945,9
1945,9
1945,9
1945,9
1945,9
1945,9
1945,9
1945,9
1945,9
1945,9
1945,10
1945,10
1945,10
1945,10
1945,10
1945,10
1945,10
1945,10
1945,10
1945,10
1945,10
1945,10
1945,11
1945,11
1945,11
1945,11
1945,11
1945,11
1945,11
1945,11
1945,11
1945,11
1945,11
1945,11
1945,11
1945,11
1945,11
1945,11
1945,12
1945,12
1945,12
1945,12
1945,12
1945,12
1945,12
1945,12
1945,12
1945,12
1945,12
1945,12
1945,12
1945,12
1945,13
1945,13
1945,13
1945,13
1945,13
1945,13
1945,13
1945,13
1945,13
1945,13
1945,13
1945,14
1945,14
1945,14
1945,14
1945,14
1945,14
1945,14
1945,14
1945,14
1945,14
1945,14
1945,14
1945,15
1945,15
1945,15
1945,15
1945,15
1945,15
1945,15
1945,16
1945,16
1945,16
1945,16
1945,16
1945,16
1945,16
1945,16
1945,17
1945,17
1945,17
1945,18
1945,18
1945,18
1945,18
1945,18
1945,18
1945,18
1945,18
1945,19
1945,20
1945,20
1945,20
1945,20
1945,20
1945,21
1945,22
1945,23
1945,23
1945,26
1945,26
1945,27
1946,3
1946,4
1946,4
1946,4
1946,4
1946,4
1946,4
1946,4
1946,4
1946,5
1946,5
1946,5
1946,5
1946,5
1946,6
1946,6
1946,6
1946,6
1946,6
1946,6
1946,6
1946,6
1946,6
1946,6
1946,6
1946,6
1946,6
1946,6
1946,6
1946,6
1946,6
1946,6
1946,6
1946,6
1946,6
1946,6
1946,6
1946,6
1946,7
1946,7
1946,7
1946,7
1946,7
1946,7
1946,7
1946,7
1946,7
1946,7
1946,7
1946,7
1946,7
1946,7
1946,7
1946,8
1946,8
1946,8
1946,8
1946,8
1946,8
1946,8
1946,8
1946,8
1946,8
1946,8
1946,8
1946,8
1946,8
1946,8
1946,8
1946,8
1946,8
1946,8
1946,8
1946,8
1946,8
1946,8
1946,8
1946,8
1946,8
1946,8
1946,8
1946,8
1946,8
1946,9
1946,9
1946,9
1946,9
1946,9
1946,9
1946,9
1946,9
1946,9
1946,9
1946,9
1946,9
1946,9
1946,9
1946,9
1946,9
1946,9
1946,9
1946,9
1946,10
1946,10
1946,10
1946,10
1946,10
1946,10
1946,10
1946,10
1946,10
1946,10
1946,10
1946,10
1946,10
1946,10
1946,10
1946,10
1946,10
1946,10
1946,10
1946,11
1946,11
1946,11
1946,11
1946,11
1946,11
1946,11
1946,11
1946,11
1946,11
1946,11
1946,11
1946,11
1946,11
1946,11
1946,11
1946,11
1946,11
1946,11
1946,11
1946,11
1946,11
1946,11
1946,11
1946,11
1946,11
1946,11
1946,11
1946,12
1946,12
1946,12
1946,12
1946,12
1946,12
1946,12
1946,12
1946,12
1946,12
1946,12
1946,12
1946,12
1946,12
1946,12
1946,12
1946,12
1946,12
1946,12
1946,12
1946,13
1946,13
1946,13
1946,13
1946,13
1946,13
1946,13
1946,13
1946,13
1946,13
1946,13
1946,13
1946,13
1946,13
1946,13
1946,13
1946,13
1946,14
1946,14
1946,14
1946,14
1946,14
1946,14
1946,14
1946,14
1946,14
1946,14
1946,14
1946,14
1946,14
1946,14
1946,14
1946,14
1946,14
1946,14
1946,14
1946,14
1946,14
1946,15
1946,15
1946,15
1946,15
1946,15
1946,15
1946,15
1946,15
1946,15
1946,15
1946,15
1946,15
1946,15
1946,15
1946,16
1946,16
1946,16
1946,16
1946,16
1946,16
1946,16
1946,16
1946,16
1946,16
1946,16
1946,16
1946,16
1946,16
1946,17
1946,17
1946,17
1946,17
1946,17
1946,17
1946,17
1946,18
1946,18
1946,18
1946,18
1946,19
1946,19
1946,19
1946,19
1946,19
1946,19
1946,20
1946,20
1946,21
1946,21
1946,21
1946,22
1946,22
1946,22
1946,22
1946,26
1946,27
1946,37
1947,1
1947,2
1947,3
1947,4
1947,4
1947,4
1947,4
1947,5
1947,6
1947,6
1947,6
1947,6
1947,6
1947,6
1947,7
1947,7
1947,7
1947,7
1947,7
1947,7
1947,7
1947,7
1947,7
1947,7
1947,8
1947,8
1947,8
1947,8
1947,8
1947,8
1947,8
1947,8
1947,9
1947,9
1947,9
1947,9
1947,9
1947,10
1947,10
1947,10
1947,10
1947,10
1947,10
1947,10
1947,10
1947,10
1947,11
1947,11
1947,11
1947,11
1947,11
1947,11
1947,11
1947,11
1947,11
1947,11
1947,12
1947,12
1947,12
1947,12
1947,12
1947,12
1947,13
1947,13
1947,13
1947,13
1947,13
1947,13
1947,13
1947,13
1947,13
1947,13
1947,14
1947,14
1947,14
1947,14
1947,14
1947,14
1947,14
1947,14
1947,15
1947,15
1947,15
1947,15
1947,15
1947,15
1947,15
1947,15
1947,15
1947,16
1947,16
1947,17
1947,17
1947,17
1947,17
1947,17
1947,17
1947,18
1947,18
1947,20
1947,20
1947,20
1947,21
1947,22
1947,23
1947,24
1947,24
1948,2
1948,2
1948,2
1948,2
1948,3
1948,3
1948,3
1948,3
1948,4
1948,4
1948,5
1948,5
1948,5
1948,5
1948,5
1948,5
1948,6
1948,6
1948,6
1948,6
1948,6
1948,6
1948,6
1948,6
1948,6
1948,6
1948,7
1948,7
1948,7
1948,7
1948,7
1948,7
1948,7
1948,7
1948,7
1948,7
1948,7
1948,7
1948,7
1948,7
1948,7
1948,8
1948,8
1948,8
1948,8
1948,8
1948,8
1948,8
1948,8
1948,8
1948,8
1948,8
1948,8
1948,8
1948,8
1948,8
1948,9
1948,9
1948,9
1948,9
1948,9
1948,9
1948,9
1948,9
1948,9
1948,9
1948,9
1948,9
1948,9
1948,9
1948,9
1948,9
1948,9
1948,9
1948,10
1948,10
1948,10
1948,10
1948,10
1948,10
1948,10
1948,10
1948,10
1948,10
1948,10
1948,10
1948,10
1948,10
1948,10
1948,10
1948,10
1948,10
1948,10
1948,11
1948,11
1948,11
1948,11
1948,11
1948,11
1948,11
1948,11
1948,11
1948,11
1948,11
1948,11
1948,12
1948,12
1948,12
1948,12
1948,12
1948,12
1948,12
1948,12
1948,12
1948,12
1948,12
1948,12
1948,12
1948,12
1948,12
1948,12
1948,12
1948,12
1948,13
1948,13
1948,13
1948,13
1948,13
1948,13
1948,13
1948,13
1948,13
1948,14
1948,14
1948,14
1948,14
1948,14
1948,14
1948,14
1948,14
1948,14
1948,14
1948,14
1948,14
1948,14
1948,14
1948,15
1948,15
1948,15
1948,15
1948,15
1948,15
1948,15
1948,16
1948,16
1948,16
1948,16
1948,16
1948,16
1948,16
1948,16
1948,16
1948,16
1948,16
1948,16
1948,16
1948,16
1948,16
1948,17
1948,17
1948,17
1948,17
1948,17
1948,17
1948,17
1948,17
1948,17
1948,17
1948,17
1948,17
1948,17
1948,18
1948,18
1948,18
1948,18
1948,18
1948,18
1948,18
1948,18
1948,18
1948,18
1948,18
1948,18
1948,19
1948,19
1948,19
1948,19
1948,19
1948,19
1948,19
1948,19
1948,19
1948,19
1948,20
1948,20
1948,20
1948,20
1948,21
1948,22
1948,22
1948,22
1948,22
1948,22
1948,22
1948,23
1948,23
1948,23
1948,23
1948,23
1948,24
1948,24
1948,24
1948,25
1948,26
1948,28
1948,29
1949,1
1949,3
1949,4
1949,4
1949,4
1949,4
1949,5
1949,5
1949,5
1949,6
1949,6
1949,6
1949,6
1949,6
1949,6
1949,6
1949,6
1949,6
1949,7
1949,7
1949,7
1949,7
1949,7
1949,7
1949,7
1949,7
1949,7
1949,8
1949,8
1949,8
1949,8
1949,8
1949,8
1949,8
1949,8
1949,8
1949,8
1949,8
1949,8
1949,9
1949,9
1949,9
1949,9
1949,9
1949,9
1949,9
1949,9
1949,9
1949,9
1949,9
1949,9
1949,9
1949,9
1949,9
1949,10
1949,10
1949,10
1949,10
1949,10
1949,10
1949,10
1949,10
1949,10
1949,10
1949,10
1949,10
1949,10
1949,10
1949,10
1949,10
1949,10
1949,10
1949,11
1949,11
1949,11
1949,11
1949,11
1949,11
1949,11
1949,11
1949,11
1949,11
1949,11
1949,11
1949,12
1949,12
1949,12
1949,12
1949,12
1949,12
1949,12
1949,12
1949,12
1949,12
1949,12
1949,12
1949,12
1949,12
1949,12
1949,12
1949,12
1949,12
1949,12
1949,12
1949,12
1949,12
1949,12
1949,12
1949,12
1949,12
1949,12
1949,12
1949,13
1949,13
1949,13
1949,13
1949,13
1949,13
1949,13
1949,13
1949,13
1949,13
1949,13
1949,13
1949,13
1949,13
1949,13
1949,13
1949,13
1949,13
1949,13
1949,14
1949,14
1949,14
1949,14
1949,14
1949,14
1949,14
1949,14
1949,14
1949,14
1949,14
1949,14
1949,14
1949,14
1949,14
1949,14
1949,14
1949,14
1949,14
1949,15
1949,15
1949,15
1949,15
1949,15
1949,15
1949,15
1949,15
1949,15
1949,15
1949,15
1949,15
1949,15
1949,15
1949,15
1949,15
1949,15
1949,15
1949,15
1949,15
1949,15
1949,15
1949,15
1949,16
1949,16
1949,16
1949,16
1949,16
1949,16
1949,17
1949,17
1949,17
1949,17
1949,17
1949,17
1949,17
1949,17
1949,17
1949,17
1949,17
1949,18
1949,18
1949,18
1949,18
1949,18
1949,18
1949,18
1949,18
1949,18
1949,19
1949,19
1949,19
1949,19
1949,19
1949,19
1949,19
1949,20
1949,20
1949,20
1949,20
1949,20
1949,20
1949,20
1949,20
1949,20
1949,21
1949,21
1949,21
1949,21
1949,21
1949,21
1949,21
1949,21
1949,21
1949,21
1949,21
1949,21
1949,22
1949,22
1949,23
1949,23
1949,23
1949,23
1949,23
1949,23
1949,23
1949,23
1949,24
1949,25
1949,25
1949,25
1949,26
1949,27
1949,28
1949,28
1949,32
1950,1
1950,2
1950,2
1950,2
1950,4
1950,4
1950,4
1950,4
1950,4
1950,4
1950,5
1950,5
1950,5
1950,5
1950,5
1950,5
1950,6
1950,6
1950,6
1950,6
1950,6
1950,6
1950,6
1950,6
1950,6
1950,6
1950,6
1950,6
1950,6
1950,6
1950,6
1950,6
1950,6
1950,6
1950,6
1950,7
1950,7
1950,7
1950,7
1950,7
1950,7
1950,8
1950,8
1950,8
1950,8
1950,8
1950,8
1950,8
1950,8
1950,8
1950,8
1950,8
1950,8
1950,8
1950,9
1950,9
1950,9
1950,9
1950,9
1950,9
1950,9
1950,9
1950,10
1950,10
1950,10
1950,10
1950,10
1950,10
1950,10
1950,10
1950,10
1950,10
1950,10
1950,10
1950,10
1950,10
1950,10
1950,10
1950,10
1950,11
1950,11
1950,11
1950,11
1950,11
1950,11
1950,11
1950,11
1950,11
1950,11
1950,11
1950,11
1950,12
1950,12
1950,12
1950,12
1950,12
1950,12
1950,12
1950,12
1950,12
1950,12
1950,12
1950,12
1950,12
1950,12
1950,12
1950,12
1950,13
1950,13
1950,13
1950,13
1950,13
1950,13
1950,13
1950,13
1950,13
1950,13
1950,13
1950,13
1950,13
1950,13
1950,13
1950,14
1950,14
1950,14
1950,14
1950,14
1950,14
1950,14
1950,14
1950,14
1950,14
1950,14
1950,14
1950,15
1950,15
1950,15
1950,15
1950,15
1950,15
1950,15
1950,15
1950,15
1950,15
1950,15
1950,15
1950,15
1950,15
1950,16
1950,16
1950,16
1950,16
1950,16
1950,16
1950,16
1950,16
1950,17
1950,17
1950,17
1950,17
1950,17
1950,17
1950,17
1950,17
1950,17
1950,17
1950,17
1950,17
1950,18
1950,18
1950,18
1950,18
1950,18
1950,18
1950,18
1950,18
1950,18
1950,18
1950,18
1950,19
1950,19
1950,19
1950,20
1950,20
1950,20
1950,20
1950,20
1950,20
1950,20
1950,21
1950,21
1950,21
1950,22
1950,22
1950,23
1950,23
1950,23
1950,23
1950,23
1950,23
1950,24
1950,24
1950,25
1950,26
1950,26
1950,27
1950,28
1950,30
1950,30
1950,34
1951,2
1951,2
1951,4
1951,5
1951,6
1951,6
1951,6
1951,6
1951,6
1951,6
1951,6
1951,6
1951,6
1951,6
1951,6
1951,6
1951,6
1951,6
1951,7
1951,7
1951,7
1951,7
1951,7
1951,7
1951,7
1951,7
1951,8
1951,8
1951,8
1951,8
1951,8
1951,8
1951,8
1951,8
1951,8
1951,8
1951,8
1951,8
1951,8
1951,8
1951,9
1951,9
1951,9
1951,9
1951,9
1951,9
1951,9
1951,9
1951,9
1951,9
1951,9
1951,10
1951,10
1951,10
1951,10
1951,10
1951,10
1951,10
1951,10
1951,10
1951,10
1951,10
1951,10
1951,10
1951,10
1951,11
1951,11
1951,11
1951,11
1951,11
1951,11
1951,11
1951,11
1951,11
1951,11
1951,11
1951,11
1951,11
1951,11
1951,11
1951,12
1951,12
1951,12
1951,12
1951,12
1951,12
1951,12
1951,12
1951,12
1951,12
1951,12
1951,12
1951,12
1951,12
1951,12
1951,12
1951,13
1951,13
1951,13
1951,13
1951,13
1951,13
1951,13
1951,14
1951,14
1951,14
1951,14
1951,14
1951,14
1951,14
1951,14
1951,14
1951,14
1951,14
1951,14
1951,14
1951,15
1951,15
1951,15
1951,15
1951,15
1951,15
1951,15
1951,15
1951,15
1951,15
1951,15
1951,16
1951,16
1951,16
1951,16
1951,16
1951,16
1951,16
1951,17
1951,17
1951,17
1951,17
1951,17
1951,17
1951,17
1951,17
1951,18
1951,18
1951,18
1951,18
1951,18
1951,18
1951,19
1951,19
1951,19
1951,20
1951,20
1951,20
1951,20
1951,20
1951,20
1951,20
1951,21
1951,21
1951,21
1951,21
1951,22
1951,22
1951,22
1951,22
1951,22
1951,22
1951,23
1951,23
1951,23
1951,23
1951,24
1951,24
1951,24
1951,24
1951,24
1951,24
1951,24
1951,25
1951,25
1951,25
1951,25
1951,25
1951,27
1951,27
1951,27
1951,28
1951,28
1951,28
1951,29
1951,30
1951,31
1951,31
1951,31
1951,34
1952,2
1952,4
1952,4
1952,4
1952,4
1952,4
1952,4
1952,5
1952,5
1952,5
1952,6
1952,6
1952,6
1952,6
1952,6
1952,6
1952,6
1952,6
1952,6
1952,6
1952,6
1952,6
1952,6
1952,6
1952,7
1952,7
1952,7
1952,7
1952,7
1952,7
1952,7
1952,8
1952,8
1952,8
1952,8
1952,8
1952,8
1952,8
1952,8
1952,8
1952,8
1952,8
1952,8
1952,8
1952,8
1952,8
1952,8
1952,8
1952,8
1952,8
1952,8
1952,8
1952,9
1952,9
1952,9
1952,9
1952,9
1952,9
1952,9
1952,10
1952,10
1952,10
1952,10
1952,10
1952,10
1952,10
1952,10
1952,10
1952,10
1952,10
1952,10
1952,10
1952,10
1952,10
1952,10
1952,11
1952,11
1952,11
1952,11
1952,11
1952,11
1952,11
1952,11
1952,11
1952,11
1952,11
1952,11
1952,11
1952,11
1952,11
1952,11
1952,11
1952,11
1952,12
1952,12
1952,12
1952,12
1952,12
1952,12
1952,12
1952,12
1952,12
1952,12
1952,13
1952,13
1952,13
1952,13
1952,13
1952,13
1952,13
1952,13
1952,13
1952,13
1952,13
1952,13
1952,13
1952,13
1952,13
1952,13
1952,13
1952,13
1952,13
1952,13
1952,13
1952,14
1952,14
1952,14
1952,14
1952,14
1952,14
1952,14
1952,14
1952,14
1952,14
1952,14
1952,14
1952,14
1952,14
1952,15
1952,15
1952,15
1952,15
1952,15
1952,15
1952,15
1952,15
1952,15
1952,15
1952,15
1952,15
1952,15
1952,16
1952,16
1952,16
1952,16
1952,16
1952,16
1952,16
1952,16
1952,16
1952,16
1952,16
1952,16
1952,16
1952,16
1952,16
1952,17
1952,17
1952,17
1952,17
1952,17
1952,17
1952,17
1952,17
1952,17
1952,18
1952,18
1952,18
1952,18
1952,18
1952,18
1952,18
1952,18
1952,18
1952,18
1952,18
1952,18
1952,18
1952,18
1952,18
1952,18
1952,18
1952,19
1952,19
1952,19
1952,19
1952,19
1952,19
1952,19
1952,19
1952,19
1952,19
1952,19
1952,19
1952,19
1952,19
1952,19
1952,19
1952,19
1952,20
1952,20
1952,21
1952,21
1952,21
1952,22
1952,22
1952,22
1952,22
1952,22
1952,22
1952,22
1952,22
1952,22
1952,22
1952,23
1952,23
1952,23
1952,23
1952,23
1952,24
1952,24
1952,24
1952,24
1952,24
1952,25
1952,25
1952,26
1952,28
1952,28
1952,28
1952,28
1952,29
1952,30
1953,1
1953,2
1953,4
1953,4
1953,4
1953,4
1953,4
1953,6
1953,6
1953,6
1953,6
1953,6
1953,6
1953,6
1953,6
1953,6
1953,7
1953,7
1953,7
1953,7
1953,7
1953,7
1953,7
1953,7
1953,7
1953,7
1953,7
1953,7
1953,8
1953,8
1953,8
1953,8
1953,8
1953,8
1953,8
1953,8
1953,8
1953,8
1953,8
1953,8
1953,8
1953,9
1953,9
1953,9
1953,9
1953,9
1953,9
1953,9
1953,9
1953,9
1953,9
1953,9
1953,9
1953,9
1953,9
1953,9
1953,10
1953,10
1953,10
1953,10
1953,10
1953,10
1953,10
1953,10
1953,10
1953,10
1953,10
1953,10
1953,10
1953,10
1953,11
1953,11
1953,11
1953,11
1953,11
1953,11
1953,11
1953,11
1953,11
1953,11
1953,11
1953,11
1953,11
1953,11
1953,11
1953,11
1953,11
1953,11
1953,12
1953,12
1953,12
1953,12
1953,12
1953,12
1953,12
1953,12
1953,12
1953,12
1953,12
1953,12
1953,13
1953,13
1953,13
1953,13
1953,13
1953,13
1953,13
1953,13
1953,13
1953,13
1953,13
1953,13
1953,13
1953,13
1953,14
1953,14
1953,14
1953,14
1953,14
1953,14
1953,14
1953,14
1953,14
1953,14
1953,14
1953,14
1953,14
1953,14
1953,15
1953,15
1953,15
1953,15
1953,15
1953,15
1953,15
1953,15
1953,15
1953,15
1953,16
1953,16
1953,16
1953,16
1953,16
1953,16
1953,16
1953,16
1953,16
1953,17
1953,17
1953,17
1953,17
1953,17
1953,17
1953,17
1953,17
1953,17
1953,17
1953,17
1953,17
1953,17
1953,17
1953,18
1953,18
1953,18
1953,18
1953,18
1953,18
1953,18
1953,19
1953,19
1953,19
1953,19
1953,19
1953,19
1953,19
1953,19
1953,19
1953,19
1953,20
1953,20
1953,20
1953,20
1953,20
1953,20
1953,20
1953,20
1953,20
1953,20
1953,20
1953,21
1953,21
1953,21
1953,21
1953,21
1953,21
1953,22
1953,22
1953,22
1953,22
1953,22
1953,23
1953,23
1953,23
1953,23
1953,23
1953,23
1953,23
1953,24
1953,24
1953,24
1953,26
1953,26
1953,26
1953,28
1953,28
1953,28
1953,29
1953,29
1953,29
1953,30
1953,30
1953,31
1953,31
1953,34
1953,36
1954,1
1954,2
1954,2
1954,2
1954,2
1954,4
1954,4
1954,4
1954,4
1954,4
1954,5
1954,5
1954,5
1954,5
1954,5
1954,5
1954,5
1954,6
1954,6
1954,6
1954,6
1954,6
1954,6
1954,6
1954,6
1954,6
1954,6
1954,6
1954,6
1954,6
1954,7
1954,7
1954,7
1954,8
1954,8
1954,8
1954,8
1954,8
1954,8
1954,8
1954,8
1954,8
1954,8
1954,8
1954,8
1954,8
1954,8
1954,8
1954,8
1954,8
1954,8
1954,8
1954,8
1954,9
1954,9
1954,9
1954,9
1954,9
1954,9
1954,9
1954,9
1954,9
1954,9
1954,9
1954,9
1954,10
1954,10
1954,10
1954,10
1954,10
1954,10
1954,10
1954,10
1954,10
1954,10
1954,10
1954,10
1954,10
1954,10
1954,10
1954,10
1954,10
1954,11
1954,11
1954,11
1954,11
1954,11
1954,11
1954,11
1954,11
1954,11
1954,11
1954,11
1954,11
1954,11
1954,12
1954,12
1954,12
1954,12
1954,12
1954,12
1954,12
1954,12
1954,12
1954,12
1954,12
1954,12
1954,12
1954,12
1954,12
1954,12
1954,12
1954,12
1954,12
1954,12
1954,12
1954,12
1954,13
1954,13
1954,13
1954,13
1954,13
1954,13
1954,13
1954,13
1954,13
1954,13
1954,13
1954,13
1954,13
1954,14
1954,14
1954,14
1954,14
1954,14
1954,14
1954,14
1954,14
1954,14
1954,14
1954,14
1954,14
1954,14
1954,14
1954,14
1954,14
1954,14
1954,14
1954,15
1954,15
1954,15
1954,15
1954,15
1954,15
1954,15
1954,15
1954,15
1954,15
1954,15
1954,15
1954,15
1954,15
1954,16
1954,16
1954,16
1954,16
1954,16
1954,16
1954,16
1954,16
1954,16
1954,16
1954,17
1954,17
1954,17
1954,17
1954,17
1954,17
1954,17
1954,17
1954,17
1954,17
1954,18
1954,18
1954,18
1954,18
1954,18
1954,18
1954,18
1954,18
1954,18
1954,18
1954,18
1954,18
1954,18
1954,19
1954,19
1954,19
1954,19
1954,19
1954,19
1954,19
1954,19
1954,19
1954,19
1954,19
1954,19
1954,19
1954,19
1954,20
1954,20
1954,20
1954,20
1954,20
1954,20
1954,20
1954,20
1954,20
1954,20
1954,20
1954,21
1954,21
1954,21
1954,21
1954,21
1954,21
1954,21
1954,21
1954,22
1954,22
1954,22
1954,22
1954,22
1954,22
1954,22
1954,22
1954,22
1954,22
1954,22
1954,22
1954,23
1954,23
1954,23
1954,23
1954,23
1954,23
1954,23
1954,23
1954,23
1954,23
1954,24
1954,24
1954,24
1954,24
1954,24
1954,24
1954,24
1954,25
1954,25
1954,25
1954,25
1954,25
1954,25
1954,26
1954,26
1954,26
1954,27
1954,27
1954,27
1954,27
1954,27
1954,27
1954,28
1954,28
1954,29
1954,29
1954,29
1954,29
1954,29
1954,30
1954,30
1954,31
1954,31
1954,35
1954,35
1954,36
1955,2
1955,2
1955,4
1955,4
1955,5
1955,5
1955,5
1955,5
1955,6
1955,6
1955,6
1955,6
1955,6
1955,6
1955,6
1955,6
1955,7
1955,7
1955,7
1955,7
1955,8
1955,8
1955,8
1955,8
1955,8
1955,8
1955,9
1955,9
1955,9
1955,9
1955,9
1955,9
1955,10
1955,10
1955,10
1955,10
1955,10
1955,10
1955,10
1955,10
1955,10
1955,10
1955,10
1955,11
1955,11
1955,11
1955,11
1955,11
1955,11
1955,11
1955,11
1955,11
1955,11
1955,11
1955,11
1955,11
1955,11
1955,11
1955,11
1955,11
1955,11
1955,12
1955,12
1955,12
1955,12
1955,12
1955,12
1955,12
1955,12
1955,12
1955,12
1955,12
1955,12
1955,12
1955,12
1955,12
1955,12
1955,12
1955,12
1955,12
1955,13
1955,13
1955,13
1955,13
1955,13
1955,13
1955,13
1955,13
1955,13
1955,13
1955,14
1955,14
1955,14
1955,14
1955,14
1955,14
1955,14
1955,14
1955,14
1955,14
1955,14
1955,14
1955,14
1955,14
1955,14
1955,14
1955,14
1955,15
1955,15
1955,15
1955,15
1955,15
1955,15
1955,15
1955,15
1955,15
1955,15
1955,15
1955,16
1955,16
1955,16
1955,16
1955,16
1955,16
1955,16
1955,16
1955,16
1955,16
1955,16
1955,16
1955,16
1955,16
1955,16
1955,17
1955,17
1955,17
1955,17
1955,17
1955,17
1955,17
1955,17
1955,17
1955,17
1955,18
1955,18
1955,18
1955,18
1955,18
1955,18
1955,18
1955,18
1955,18
1955,18
1955,18
1955,18
1955,18
1955,18
1955,18
1955,18
1955,18
1955,18
1955,19
1955,19
1955,19
1955,19
1955,19
1955,19
1955,19
1955,19
1955,19
1955,19
1955,19
1955,19
1955,19
1955,19
1955,19
1955,20
1955,20
1955,20
1955,20
1955,20
1955,20
1955,20
1955,20
1955,20
1955,20
1955,20
1955,20
1955,20
1955,21
1955,21
1955,21
1955,21
1955,21
1955,21
1955,21
1955,21
1955,22
1955,22
1955,22
1955,22
1955,22
1955,23
1955,23
1955,23
1955,23
1955,23
1955,24
1955,24
1955,24
1955,24
1955,24
1955,24
1955,24
1955,24
1955,24
1955,25
1955,25
1955,26
1955,26
1955,26
1955,26
1955,27
1955,27
1955,29
1955,29
1955,29
1955,29
1955,29
1955,30
1955,31
1955,33
1955,33
1955,34
1955,35
1955,40
1956,1
1956,4
1956,4
1956,5
1956,5
1956,6
1956,6
1956,6
1956,6
1956,6
1956,6
1956,6
1956,6
1956,6
1956,7
1956,7
1956,7
1956,7
1956,7
1956,8
1956,8
1956,8
1956,8
1956,8
1956,8
1956,8
1956,8
1956,8
1956,9
1956,9
1956,9
1956,9
1956,9
1956,9
1956,9
1956,9
1956,9
1956,9
1956,9
1956,9
1956,9
1956,9
1956,10
1956,10
1956,10
1956,10
1956,10
1956,11
1956,11
1956,11
1956,11
1956,11
1956,11
1956,11
1956,11
1956,11
1956,11
1956,12
1956,12
1956,12
1956,12
1956,12
1956,12
1956,12
1956,12
1956,12
1956,12
1956,12
1956,12
1956,12
1956,12
1956,12
1956,12
1956,12
1956,12
1956,12
1956,12
1956,13
1956,13
1956,13
1956,13
1956,13
1956,13
1956,13
1956,13
1956,13
1956,13
1956,14
1956,14
1956,14
1956,14
1956,14
1956,14
1956,14
1956,14
1956,14
1956,14
1956,14
1956,14
1956,15
1956,15
1956,15
1956,15
1956,15
1956,15
1956,15
1956,15
1956,15
1956,15
1956,15
1956,15
1956,15
1956,15
1956,16
1956,16
1956,16
1956,16
1956,16
1956,16
1956,16
1956,16
1956,16
1956,16
1956,16
1956,16
1956,16
1956,16
1956,17
1956,17
1956,17
1956,17
1956,17
1956,17
1956,17
1956,17
1956,17
1956,17
1956,18
1956,18
1956,18
1956,18
1956,18
1956,18
1956,18
1956,19
1956,19
1956,19
1956,19
1956,19
1956,19
1956,19
1956,19
1956,20
1956,20
1956,20
1956,20
1956,21
1956,21
1956,21
1956,21
1956,21
1956,21
1956,21
1956,21
1956,21
1956,21
1956,22
1956,22
1956,22
1956,22
1956,22
1956,22
1956,22
1956,23
1956,23
1956,23
1956,23
1956,24
1956,24
1956,24
1956,24
1956,24
1956,25
1956,26
1956,26
1956,26
1956,26
1956,26
1956,26
1956,26
1956,26
1956,26
1956,26
1956,27
1956,27
1956,28
1956,28
1956,28
1956,29
1956,29
1956,29
1956,29
1956,29
1956,30
1956,30
1956,30
1956,31
1956,32
1956,32
1956,33
1956,35
1956,36
1956,36
1956,36
1957,4
1957,5
1957,5
1957,5
1957,5
1957,5
1957,5
1957,6
1957,6
1957,6
1957,6
1957,6
1957,6
1957,6
1957,6
1957,6
1957,6
1957,7
1957,7
1957,7
1957,7
1957,7
1957,7
1957,7
1957,7
1957,7
1957,7
1957,7
1957,7
1957,8
1957,8
1957,8
1957,8
1957,8
1957,8
1957,8
1957,8
1957,8
1957,8
1957,8
1957,8
1957,8
1957,8
1957,8
1957,9
1957,9
1957,9
1957,9
1957,9
1957,9
1957,9
1957,9
1957,9
1957,9
1957,10
1957,10
1957,10
1957,10
1957,10
1957,10
1957,10
1957,10
1957,10
1957,10
1957,10
1957,11
1957,11
1957,11
1957,11
1957,11
1957,11
1957,11
1957,11
1957,11
1957,11
1957,11
1957,11
1957,11
1957,12
1957,12
1957,12
1957,12
1957,12
1957,12
1957,12
1957,12
1957,12
1957,12
1957,12
1957,12
1957,12
1957,12
1957,12
1957,12
1957,12
1957,12
1957,13
1957,13
1957,13
1957,13
1957,13
1957,13
1957,13
1957,13
1957,13
1957,13
1957,13
1957,13
1957,13
1957,13
1957,13
1957,13
1957,14
1957,14
1957,14
1957,14
1957,14
1957,14
1957,14
1957,14
1957,14
1957,14
1957,14
1957,14
1957,15
1957,15
1957,15
1957,15
1957,15
1957,15
1957,15
1957,15
1957,15
1957,15
1957,15
1957,15
1957,15
1957,15
1957,15
1957,15
1957,16
1957,16
1957,16
1957,16
1957,16
1957,16
1957,16
1957,16
1957,17
1957,17
1957,17
1957,17
1957,17
1957,17
1957,17
1957,17
1957,17
1957,18
1957,18
1957,18
1957,18
1957,18
1957,18
1957,18
1957,18
1957,18
1957,18
1957,18
1957,18
1957,19
1957,19
1957,19
1957,19
1957,19
1957,19
1957,19
1957,19
1957,20
1957,20
1957,20
1957,20
1957,20
1957,20
1957,20
1957,20
1957,20
1957,20
1957,20
1957,20
1957,21
1957,21
1957,21
1957,21
1957,21
1957,21
1957,21
1957,21
1957,21
1957,21
1957,21
1957,21
1957,21
1957,21
1957,21
1957,21
1957,22
1957,22
1957,22
1957,22
1957,22
1957,22
1957,23
1957,23
1957,23
1957,23
1957,24
1957,24
1957,24
1957,24
1957,24
1957,24
1957,24
1957,24
1957,25
1957,25
1957,25
1957,25
1957,26
1957,26
1957,26
1957,26
1957,26
1957,26
1957,27
1957,27
1957,27
1957,27
1957,27
1957,27
1957,27
1957,27
1957,27
1957,27
1957,28
1957,28
1957,28
1957,29
1957,30
1957,31
1957,31
1957,31
1957,32
1957,32
1957,33
1957,33
1957,33
1957,33
1957,40
1958,1
1958,2
1958,3
1958,4
1958,4
1958,5
1958,5
1958,5
1958,6
1958,6
1958,6
1958,6
1958,6
1958,6
1958,6
1958,6
1958,7
1958,7
1958,7
1958,7
1958,7
1958,7
1958,7
1958,7
1958,8
1958,8
1958,8
1958,8
1958,8
1958,8
1958,8
1958,8
1958,8
1958,8
1958,9
1958,9
1958,9
1958,9
1958,9
1958,9
1958,9
1958,9
1958,10
1958,10
1958,10
1958,10
1958,10
1958,10
1958,10
1958,10
1958,10
1958,11
1958,11
1958,11
1958,11
1958,11
1958,11
1958,11
1958,11
1958,12
1958,12
1958,12
1958,12
1958,12
1958,12
1958,13
1958,13
1958,13
1958,13
1958,13
1958,13
1958,13
1958,13
1958,13
1958,13
1958,13
1958,13
1958,13
1958,13
1958,13
1958,13
1958,13
1958,13
1958,13
1958,14
1958,14
1958,14
1958,14
1958,14
1958,14
1958,14
1958,14
1958,14
1958,14
1958,14
1958,14
1958,14
1958,15
1958,15
1958,15
1958,15
1958,15
1958,15
1958,15
1958,15
1958,15
1958,15
1958,16
1958,16
1958,16
1958,16
1958,16
1958,16
1958,16
1958,16
1958,16
1958,16
1958,16
1958,16
1958,16
1958,17
1958,17
1958,17
1958,17
1958,17
1958,17
1958,18
1958,18
1958,18
1958,18
1958,18
1958,18
1958,18
1958,18
1958,18
1958,19
1958,19
1958,19
1958,19
1958,19
1958,19
1958,19
1958,19
1958,19
1958,20
1958,20
1958,20
1958,20
1958,20
1958,20
1958,20
1958,21
1958,21
1958,21
1958,21
1958,21
1958,21
1958,21
1958,22
1958,22
1958,22
1958,22
1958,22
1958,22
1958,22
1958,22
1958,22
1958,22
1958,22
1958,23
1958,23
1958,23
1958,23
1958,23
1958,23
1958,23
1958,23
1958,23
1958,23
1958,23
1958,23
1958,24
1958,24
1958,24
1958,24
1958,24
1958,24
1958,24
1958,24
1958,24
1958,25
1958,25
1958,25
1958,26
1958,26
1958,26
1958,26
1958,27
1958,27
1958,27
1958,27
1958,27
1958,28
1958,28
1958,28
1958,29
1958,29
1958,29
1958,29
1958,30
1958,31
1958,31
1958,32
1958,34
1958,34
1958,34
1958,34
1958,34
1958,35
1958,36
1959,2
1959,4
1959,4
1959,4
1959,4
1959,4
1959,4
1959,4
1959,5
1959,5
1959,6
1959,6
1959,7
1959,7
1959,7
1959,7
1959,8
1959,8
1959,8
1959,9
1959,9
1959,9
1959,9
1959,9
1959,9
1959,10
1959,10
1959,10
1959,10
1959,10
1959,10
1959,11
1959,11
1959,11
1959,11
1959,11
1959,11
1959,11
1959,12
1959,12
1959,12
1959,12
1959,12
1959,12
1959,12
1959,13
1959,13
1959,13
1959,13
1959,13
1959,13
1959,14
1959,14
1959,14
1959,14
1959,14
1959,14
1959,14
1959,14
1959,14
1959,14
1959,14
1959,15
1959,15
1959,15
1959,15
1959,15
1959,15
1959,15
1959,15
1959,16
1959,16
1959,16
1959,16
1959,16
1959,16
1959,17
1959,17
1959,17
1959,17
1959,17
1959,17
1959,18
1959,18
1959,18
1959,18
1959,18
1959,18
1959,18
1959,18
1959,18
1959,18
1959,18
1959,18
1959,19
1959,19
1959,19
1959,19
1959,19
1959,19
1959,19
1959,19
1959,20
1959,20
1959,20
1959,20
1959,20
1959,20
1959,20
1959,20
1959,20
1959,20
1959,20
1959,21
1959,21
1959,21
1959,21
1959,21
1959,22
1959,22
1959,22
1959,22
1959,22
1959,22
1959,23
1959,23
1959,23
1959,23
1959,23
1959,23
1959,23
1959,23
1959,24
1959,24
1959,24
1959,24
1959,24
1959,25
1959,25
1959,25
1959,25
1959,25
1959,26
1959,26
1959,26
1959,26
1959,26
1959,26
1959,27
1959,27
1959,27
1959,27
1959,27
1959,27
1959,28
1959,28
1959,28
1959,28
1959,28
1959,29
1959,29
1959,29
1959,29
1959,29
1959,29
1959,29
1959,30
1959,30
1959,30
1959,30
1959,30
1959,31
1959,31
1959,31
1959,32
1959,32
1959,32
1959,33
1959,33
1959,33
1959,34
1959,34
1959,35
1959,35
1959,35
1959,36
1959,36
1959,37
1959,39
1960,2
1960,2
1960,2
1960,2
1960,4
1960,4
1960,4
1960,4
1960,4
1960,5
1960,6
1960,7
1960,7
1960,7
1960,7
1960,7
1960,7
1960,8
1960,8
1960,8
1960,8
1960,8
1960,8
1960,9
1960,9
1960,9
1960,9
1960,9
1960,9
1960,9
1960,9
1960,9
1960,10
1960,10
1960,10
1960,10
1960,10
1960,11
1960,11
1960,11
1960,11
1960,11
1960,11
1960,11
1960,11
1960,11
1960,11
1960,11
1960,11
1960,11
1960,11
1960,12
1960,12
1960,12
1960,12
1960,12
1960,12
1960,12
1960,12
1960,12
1960,12
1960,12
1960,13
1960,13
1960,13
1960,13
1960,13
1960,13
1960,13
1960,13
1960,13
1960,13
1960,13
1960,13
1960,13
1960,13
1960,13
1960,13
1960,14
1960,14
1960,14
1960,14
1960,14
1960,14
1960,14
1960,14
1960,14
1960,14
1960,14
1960,14
1960,14
1960,14
1960,14
1960,14
1960,14
1960,15
1960,15
1960,15
1960,15
1960,15
1960,15
1960,15
1960,15
1960,15
1960,15
1960,15
1960,15
1960,15
1960,15
1960,15
1960,15
1960,15
1960,15
1960,15
1960,16
1960,16
1960,16
1960,16
1960,16
1960,16
1960,16
1960,16
1960,16
1960,16
1960,16
1960,16
1960,16
1960,16
1960,16
1960,16
1960,16
1960,16
1960,16
1960,16
1960,17
1960,17
1960,17
1960,17
1960,17
1960,17
1960,17
1960,17
1960,17
1960,17
1960,17
1960,17
1960,17
1960,17
1960,17
1960,18
1960,18
1960,18
1960,18
1960,18
1960,18
1960,18
1960,18
1960,18
1960,18
1960,19
1960,19
1960,19
1960,19
1960,19
1960,19
1960,19
1960,19
1960,19
1960,19
1960,19
1960,19
1960,19
1960,19
1960,19
1960,20
1960,20
1960,20
1960,20
1960,20
1960,20
1960,20
1960,20
1960,20
1960,20
1960,20
1960,20
1960,21
1960,21
1960,21
1960,21
1960,21
1960,21
1960,21
1960,21
1960,21
1960,21
1960,21
1960,21
1960,21
1960,22
1960,22
1960,22
1960,22
1960,22
1960,22
1960,22
1960,22
1960,22
1960,23
1960,23
1960,23
1960,23
1960,23
1960,23
1960,23
1960,23
1960,24
1960,24
1960,24
1960,24
1960,24
1960,24
1960,24
1960,24
1960,24
1960,25
1960,25
1960,25
1960,25
1960,25
1960,25
1960,25
1960,25
1960,26
1960,26
1960,26
1960,26
1960,26
1960,26
1960,26
1960,26
1960,26
1960,27
1960,27
1960,27
1960,27
1960,27
1960,27
1960,27
1960,27
1960,27
1960,27
1960,27
1960,27
1960,27
1960,27
1960,27
1960,28
1960,28
1960,28
1960,28
1960,28
1960,29
1960,29
1960,29
1960,29
1960,29
1960,29
1960,29
1960,29
1960,29
1960,30
1960,30
1960,30
1960,30
1960,30
1960,31
1960,31
1960,31
1960,31
1960,31
1960,31
1960,31
1960,31
1960,31
1960,32
1960,32
1960,32
1960,32
1960,32
1960,33
1960,34
1960,34
1960,34
1960,34
1960,34
1960,35
1960,35
1960,35
1960,35
1960,35
1960,35
1960,35
1960,35
1960,36
1960,36
1960,37
1960,37
1960,39
1960,41
1960,46
1961,2
1961,2
1961,2
1961,2
1961,4
1961,4
1961,4
1961,4
1961,6
1961,6
1961,6
1961,6
1961,6
1961,7
1961,7
1961,7
1961,7
1961,7
1961,7
1961,8
1961,8
1961,8
1961,8
1961,8
1961,8
1961,8
1961,8
1961,8
1961,9
1961,9
1961,9
1961,9
1961,9
1961,9
1961,9
1961,9
1961,9
1961,10
1961,10
1961,10
1961,10
1961,11
1961,11
1961,11
1961,11
1961,11
1961,11
1961,11
1961,11
1961,12
1961,12
1961,12
1961,12
1961,12
1961,12
1961,12
1961,12
1961,12
1961,12
1961,12
1961,12
1961,13
1961,13
1961,13
1961,13
1961,13
1961,13
1961,13
1961,14
1961,14
1961,14
1961,14
1961,14
1961,14
1961,14
1961,14
1961,14
1961,14
1961,14
1961,15
1961,15
1961,15
1961,15
1961,15
1961,15
1961,15
1961,15
1961,15
1961,15
1961,15
1961,16
1961,16
1961,16
1961,16
1961,16
1961,16
1961,16
1961,16
1961,16
1961,16
1961,16
1961,16
1961,16
1961,16
1961,17
1961,17
1961,17
1961,17
1961,17
1961,17
1961,17
1961,17
1961,18
1961,18
1961,18
1961,18
1961,18
1961,18
1961,18
1961,18
1961,18
1961,18
1961,18
1961,18
1961,19
1961,19
1961,19
1961,19
1961,19
1961,19
1961,19
1961,20
1961,20
1961,20
1961,21
1961,21
1961,21
1961,21
1961,21
1961,21
1961,21
1961,21
1961,21
1961,21
1961,21
1961,21
1961,21
1961,21
1961,21
1961,21
1961,22
1961,22
1961,22
1961,22
1961,22
1961,22
1961,23
1961,23
1961,23
1961,23
1961,23
1961,23
1961,23
1961,23
1961,23
1961,24
1961,24
1961,24
1961,24
1961,24
1961,24
1961,24
1961,25
1961,25
1961,25
1961,25
1961,25
1961,25
1961,25
1961,26
1961,26
1961,26
1961,26
1961,27
1961,27
1961,27
1961,28
1961,28
1961,28
1961,28
1961,29
1961,29
1961,29
1961,29
1961,29
1961,30
1961,30
1961,30
1961,30
1961,31
1961,31
1961,31
1961,31
1961,31
1961,33
1961,33
1961,34
1961,34
1961,34
1961,35
1961,35
1961,35
1961,35
1961,36
1961,37
1961,39
1961,39
1962,1
1962,2
1962,2
1962,2
1962,2
1962,4
1962,4
1962,4
1962,4
1962,4
1962,4
1962,5
1962,5
1962,6
1962,6
1962,6
1962,6
1962,6
1962,7
1962,7
1962,8
1962,8
1962,8
1962,8
1962,8
1962,8
1962,8
1962,8
1962,8
1962,8
1962,9
1962,9
1962,9
1962,9
1962,9
1962,9
1962,9
1962,9
1962,9
1962,9
1962,10
1962,10
1962,10
1962,10
1962,10
1962,10
1962,10
1962,11
1962,11
1962,11
1962,11
1962,11
1962,11
1962,11
1962,11
1962,12
1962,12
1962,12
1962,12
1962,12
1962,12
1962,12
1962,12
1962,13
1962,13
1962,13
1962,13
1962,13
1962,13
1962,13
1962,13
1962,13
1962,13
1962,13
1962,13
1962,13
1962,13
1962,14
1962,14
1962,14
1962,14
1962,14
1962,14
1962,14
1962,15
1962,15
1962,15
1962,15
1962,15
1962,15
1962,15
1962,15
1962,15
1962,15
1962,15
1962,16
1962,16
1962,16
1962,16
1962,16
1962,16
1962,16
1962,16
1962,16
1962,16
1962,16
1962,16
1962,16
1962,16
1962,17
1962,17
1962,17
1962,17
1962,17
1962,17
1962,17
1962,17
1962,17
1962,17
1962,17
1962,17
1962,18
1962,18
1962,18
1962,18
1962,18
1962,18
1962,18
1962,18
1962,18
1962,18
1962,18
1962,18
1962,19
1962,19
1962,19
1962,19
1962,19
1962,19
1962,19
1962,19
1962,19
1962,19
1962,19
1962,20
1962,20
1962,20
1962,20
1962,20
1962,20
1962,20
1962,20
1962,21
1962,21
1962,21
1962,21
1962,21
1962,21
1962,22
1962,22
1962,22
1962,22
1962,22
1962,22
1962,23
1962,23
1962,23
1962,23
1962,23
1962,23
1962,23
1962,23
1962,23
1962,24
1962,24
1962,24
1962,25
1962,25
1962,25
1962,25
1962,26
1962,26
1962,26
1962,27
1962,27
1962,28
1962,28
1962,28
1962,28
1962,28
1962,29
1962,29
1962,29
1962,29
1962,29
1962,29
1962,30
1962,30
1962,30
1962,31
1962,31
1962,31
1962,31
1962,31
1962,31
1962,31
1962,32
1962,32
1962,32
1962,33
1962,33
1962,33
1962,33
1962,34
1962,35
1962,35
1962,35
1962,35
1962,35
1962,37
1962,38
1962,38
1962,38
1962,38
1962,40
1962,40
1962,41
1962,41
1962,43
1963,2
1963,2
1963,2
1963,2
1963,4
1963,4
1963,4
1963,4
1963,4
1963,4
1963,4
1963,4
1963,4
1963,6
1963,6
1963,6
1963,6
1963,6
1963,7
1963,7
1963,7
1963,7
1963,7
1963,7
1963,8
1963,8
1963,8
1963,9
1963,9
1963,9
1963,9
1963,9
1963,9
1963,9
1963,9
1963,9
1963,9
1963,9
1963,9
1963,10
1963,10
1963,10
1963,10
1963,10
1963,10
1963,10
1963,10
1963,10
1963,11
1963,11
1963,11
1963,11
1963,11
1963,12
1963,12
1963,12
1963,12
1963,12
1963,12
1963,12
1963,12
1963,12
1963,12
1963,12
1963,12
1963,12
1963,13
1963,13
1963,13
1963,13
1963,13
1963,13
1963,13
1963,13
1963,13
1963,13
1963,13
1963,13
1963,13
1963,13
1963,13
1963,13
1963,13
1963,13
1963,13
1963,13
1963,14
1963,14
1963,14
1963,14
1963,14
1963,14
1963,14
1963,14
1963,14
1963,14
1963,14
1963,14
1963,14
1963,15
1963,15
1963,15
1963,15
1963,15
1963,15
1963,15
1963,15
1963,15
1963,15
1963,15
1963,15
1963,15
1963,16
1963,16
1963,16
1963,16
1963,16
1963,16
1963,16
1963,16
1963,16
1963,16
1963,16
1963,16
1963,16
1963,16
1963,16
1963,17
1963,17
1963,17
1963,17
1963,17
1963,17
1963,17
1963,17
1963,17
1963,17
1963,17
1963,17
1963,18
1963,18
1963,18
1963,18
1963,18
1963,18
1963,18
1963,18
1963,18
1963,18
1963,18
1963,18
1963,18
1963,19
1963,19
1963,19
1963,19
1963,19
1963,19
1963,19
1963,19
1963,19
1963,19
1963,19
1963,19
1963,19
1963,20
1963,20
1963,20
1963,20
1963,20
1963,20
1963,20
1963,20
1963,20
1963,20
1963,20
1963,21
1963,21
1963,21
1963,21
1963,21
1963,21
1963,21
1963,21
1963,22
1963,22
1963,22
1963,22
1963,22
1963,22
1963,22
1963,22
1963,22
1963,23
1963,23
1963,23
1963,23
1963,23
1963,24
1963,24
1963,24
1963,24
1963,24
1963,24
1963,24
1963,24
1963,24
1963,24
1963,24
1963,25
1963,25
1963,25
1963,25
1963,25
1963,25
1963,25
1963,25
1963,25
1963,25
1963,27
1963,27
1963,27
1963,27
1963,27
1963,27
1963,28
1963,28
1963,28
1963,29
1963,29
1963,29
1963,29
1963,29
1963,29
1963,29
1963,30
1963,30
1963,30
1963,30
1963,30
1963,30
1963,30
1963,30
1963,31
1963,31
1963,31
1963,31
1963,31
1963,32
1963,32
1963,32
1963,32
1963,32
1963,32
1963,33
1963,33
1963,33
1963,33
1963,33
1963,33
1963,33
1963,33
1963,34
1963,34
1963,34
1963,34
1963,35
1963,35
1963,36
1963,36
1963,36
1963,37
1963,37
1963,38
1963,38
1963,39
1963,39
1963,40
1963,40
1963,40
1963,40
1963,43
1963,44
1964,2
1964,2
1964,2
1964,2
1964,2
1964,2
1964,2
1964,2
1964,3
1964,4
1964,4
1964,4
1964,4
1964,5
1964,5
1964,6
1964,6
1964,6
1964,6
1964,6
1964,7
1964,7
1964,7
1964,7
1964,8
1964,8
1964,8
1964,8
1964,8
1964,8
1964,8
1964,8
1964,9
1964,9
1964,9
1964,9
1964,9
1964,9
1964,9
1964,10
1964,10
1964,10
1964,10
1964,10
1964,10
1964,10
1964,10
1964,10
1964,11
1964,11
1964,11
1964,11
1964,11
1964,11
1964,12
1964,12
1964,12
1964,12
1964,12
1964,12
1964,12
1964,12
1964,12
1964,13
1964,13
1964,13
1964,13
1964,13
1964,13
1964,13
1964,13
1964,13
1964,14
1964,14
1964,14
1964,14
1964,14
1964,14
1964,14
1964,14
1964,14
1964,14
1964,14
1964,15
1964,15
1964,15
1964,15
1964,15
1964,15
1964,15
1964,15
1964,15
1964,15
1964,15
1964,15
1964,16
1964,16
1964,16
1964,16
1964,16
1964,16
1964,16
1964,16
1964,16
1964,16
1964,16
1964,16
1964,16
1964,16
1964,16
1964,16
1964,17
1964,17
1964,17
1964,17
1964,17
1964,17
1964,17
1964,17
1964,17
1964,17
1964,17
1964,18
1964,18
1964,18
1964,18
1964,18
1964,18
1964,18
1964,18
1964,18
1964,18
1964,18
1964,18
1964,18
1964,18
1964,18
1964,18
1964,19
1964,19
1964,19
1964,19
1964,19
1964,19
1964,19
1964,19
1964,19
1964,19
1964,19
1964,20
1964,20
1964,20
1964,20
1964,20
1964,20
1964,20
1964,20
1964,20
1964,20
1964,21
1964,21
1964,21
1964,21
1964,21
1964,21
1964,21
1964,21
1964,21
1964,22
1964,22
1964,22
1964,22
1964,22
1964,22
1964,22
1964,22
1964,23
1964,23
1964,23
1964,23
1964,23
1964,23
1964,23
1964,23
1964,24
1964,24
1964,24
1964,24
1964,24
1964,24
1964,24
1964,24
1964,24
1964,24
1964,24
1964,25
1964,25
1964,25
1964,25
1964,25
1964,25
1964,25
1964,26
1964,26
1964,26
1964,26
1964,26
1964,27
1964,27
1964,27
1964,27
1964,27
1964,28
1964,28
1964,28
1964,28
1964,28
1964,29
1964,29
1964,29
1964,29
1964,29
1964,29
1964,29
1964,30
1964,31
1964,31
1964,31
1964,31
1964,32
1964,32
1964,32
1964,33
1964,33
1964,35
1964,35
1964,36
1964,36
1964,36
1964,36
1964,36
1964,36
1964,37
1964,37
1964,37
1964,37
1964,38
1964,39
1964,39
1964,40
1964,40
1964,41
1964,41
1964,42
1964,43
1964,45
1964,48
1964,86
1965,2
1965,2
1965,2
1965,2
1965,2
1965,2
1965,4
1965,4
1965,4
1965,4
1965,4
1965,4
1965,4
1965,4
1965,4
1965,4
1965,4
1965,4
1965,4
1965,5
1965,5
1965,5
1965,6
1965,6
1965,6
1965,6
1965,6
1965,6
1965,6
1965,6
1965,6
1965,6
1965,7
1965,7
1965,7
1965,7
1965,7
1965,7
1965,7
1965,7
1965,7
1965,7
1965,8
1965,8
1965,8
1965,8
1965,8
1965,8
1965,8
1965,8
1965,8
1965,8
1965,8
1965,8
1965,8
1965,8
1965,8
1965,9
1965,9
1965,9
1965,9
1965,9
1965,9
1965,10
1965,10
1965,10
1965,10
1965,10
1965,10
1965,10
1965,11
1965,11
1965,11
1965,11
1965,11
1965,11
1965,11
1965,11
1965,11
1965,11
1965,12
1965,12
1965,12
1965,12
1965,12
1965,12
1965,12
1965,12
1965,12
1965,12
1965,13
1965,13
1965,13
1965,13
1965,13
1965,13
1965,13
1965,13
1965,13
1965,13
1965,13
1965,13
1965,13
1965,13
1965,13
1965,14
1965,14
1965,14
1965,14
1965,14
1965,14
1965,14
1965,14
1965,14
1965,14
1965,14
1965,14
1965,14
1965,15
1965,15
1965,15
1965,15
1965,15
1965,15
1965,15
1965,15
1965,15
1965,15
1965,15
1965,15
1965,15
1965,15
1965,15
1965,15
1965,15
1965,15
1965,15
1965,16
1965,16
1965,16
1965,16
1965,16
1965,16
1965,16
1965,16
1965,16
1965,16
1965,17
1965,17
1965,17
1965,17
1965,17
1965,17
1965,17
1965,17
1965,17
1965,17
1965,18
1965,18
1965,18
1965,18
1965,18
1965,18
1965,18
1965,18
1965,19
1965,19
1965,19
1965,19
1965,19
1965,19
1965,19
1965,19
1965,19
1965,19
1965,19
1965,19
1965,19
1965,19
1965,19
1965,20
1965,20
1965,20
1965,20
1965,20
1965,20
1965,20
1965,20
1965,20
1965,20
1965,20
1965,20
1965,20
1965,20
1965,20
1965,20
1965,21
1965,21
1965,21
1965,21
1965,21
1965,21
1965,21
1965,21
1965,21
1965,21
1965,21
1965,22
1965,22
1965,22
1965,22
1965,22
1965,22
1965,22
1965,22
1965,22
1965,22
1965,22
1965,22
1965,23
1965,23
1965,23
1965,23
1965,23
1965,23
1965,23
1965,23
1965,23
1965,23
1965,23
1965,24
1965,24
1965,24
1965,24
1965,25
1965,25
1965,25
1965,25
1965,25
1965,25
1965,25
1965,25
1965,25
1965,25
1965,26
1965,26
1965,26
1965,26
1965,26
1965,26
1965,26
1965,27
1965,27
1965,28
1965,28
1965,28
1965,28
1965,28
1965,28
1965,29
1965,29
1965,29
1965,29
1965,29
1965,29
1965,29
1965,30
1965,30
1965,30
1965,31
1965,31
1965,31
1965,31
1965,31
1965,31
1965,31
1965,31
1965,32
1965,32
1965,32
1965,32
1965,33
1965,33
1965,33
1965,34
1965,34
1965,34
1965,37
1965,37
1965,37
1965,37
1965,39
1965,39
1965,40
1965,41
1965,44
1965,46
1965,50
1966,2
1966,2
1966,2
1966,2
1966,2
1966,3
1966,4
1966,4
1966,4
1966,4
1966,4
1966,4
1966,4
1966,4
1966,5
1966,6
1966,6
1966,6
1966,6
1966,6
1966,6
1966,6
1966,6
1966,6
1966,6
1966,7
1966,7
1966,7
1966,7
1966,8
1966,8
1966,8
1966,8
1966,8
1966,8
1966,8
1966,8
1966,8
1966,9
1966,9
1966,9
1966,9
1966,9
1966,9
1966,10
1966,10
1966,10
1966,10
1966,10
1966,10
1966,10
1966,10
1966,10
1966,11
1966,11
1966,11
1966,11
1966,11
1966,12
1966,12
1966,12
1966,12
1966,12
1966,12
1966,12
1966,12
1966,13
1966,13
1966,13
1966,13
1966,13
1966,13
1966,13
1966,13
1966,13
1966,13
1966,13
1966,13
1966,13
1966,13
1966,14
1966,14
1966,14
1966,14
1966,14
1966,14
1966,14
1966,14
1966,14
1966,14
1966,14
1966,14
1966,14
1966,14
1966,14
1966,14
1966,14
1966,15
1966,15
1966,15
1966,15
1966,15
1966,15
1966,15
1966,15
1966,15
1966,15
1966,15
1966,15
1966,15
1966,15
1966,15
1966,15
1966,15
1966,15
1966,16
1966,16
1966,16
1966,16
1966,16
1966,16
1966,16
1966,16
1966,16
1966,16
1966,16
1966,16
1966,17
1966,17
1966,17
1966,17
1966,17
1966,17
1966,17
1966,17
1966,17
1966,17
1966,17
1966,17
1966,17
1966,17
1966,17
1966,18
1966,18
1966,18
1966,18
1966,18
1966,18
1966,18
1966,18
1966,18
1966,18
1966,18
1966,18
1966,18
1966,18
1966,19
1966,19
1966,19
1966,19
1966,19
1966,20
1966,20
1966,20
1966,20
1966,20
1966,20
1966,20
1966,20
1966,21
1966,21
1966,21
1966,21
1966,22
1966,22
1966,22
1966,22
1966,22
1966,22
1966,22
1966,22
1966,23
1966,23
1966,23
1966,23
1966,23
1966,23
1966,23
1966,23
1966,23
1966,23
1966,23
1966,24
1966,24
1966,24
1966,24
1966,24
1966,24
1966,24
1966,25
1966,25
1966,25
1966,25
1966,25
1966,25
1966,25
1966,26
1966,26
1966,26
1966,26
1966,26
1966,26
1966,27
1966,27
1966,27
1966,27
1966,27
1966,28
1966,28
1966,28
1966,28
1966,28
1966,28
1966,28
1966,29
1966,29
1966,29
1966,29
1966,29
1966,29
1966,29
1966,29
1966,29
1966,30
1966,30
1966,30
1966,30
1966,30
1966,30
1966,30
1966,31
1966,31
1966,32
1966,32
1966,32
1966,32
1966,32
1966,32
1966,33
1966,33
1966,33
1966,34
1966,34
1966,35
1966,35
1966,35
1966,36
1966,36
1966,37
1966,37
1966,37
1966,37
1966,38
1966,39
1966,39
1966,39
1966,40
1966,42
1966,46
1966,50
1967,2
1967,2
1967,4
1967,4
1967,4
1967,4
1967,5
1967,5
1967,5
1967,5
1967,6
1967,6
1967,6
1967,6
1967,7
1967,7
1967,8
1967,8
1967,8
1967,8
1967,9
1967,9
1967,9
1967,9
1967,9
1967,9
1967,9
1967,10
1967,10
1967,10
1967,10
1967,10
1967,10
1967,10
1967,10
1967,10
1967,11
1967,11
1967,11
1967,11
1967,11
1967,11
1967,12
1967,12
1967,12
1967,12
1967,12
1967,12
1967,13
1967,13
1967,13
1967,13
1967,13
1967,13
1967,13
1967,14
1967,14
1967,14
1967,14
1967,14
1967,14
1967,15
1967,15
1967,15
1967,15
1967,15
1967,16
1967,16
1967,16
1967,16
1967,16
1967,16
1967,16
1967,16
1967,16
1967,16
1967,16
1967,17
1967,17
1967,17
1967,17
1967,17
1967,17
1967,17
1967,17
1967,17
1967,17
1967,17
1967,17
1967,18
1967,18
1967,18
1967,18
1967,18
1967,18
1967,18
1967,18
1967,18
1967,19
1967,19
1967,19
1967,19
1967,20
1967,20
1967,20
1967,20
1967,20
1967,20
1967,21
1967,21
1967,21
1967,21
1967,21
1967,21
1967,21
1967,21
1967,21
1967,21
1967,21
1967,21
1967,21
1967,22
1967,22
1967,22
1967,22
1967,22
1967,23
1967,23
1967,23
1967,23
1967,23
1967,23
1967,23
1967,23
1967,24
1967,24
1967,24
1967,24
1967,24
1967,25
1967,25
1967,25
1967,25
1967,26
1967,26
1967,26
1967,26
1967,26
1967,26
1967,27
1967,27
1967,27
1967,27
1967,27
1967,27
1967,27
1967,27
1967,27
1967,28
1967,28
1967,28
1967,28
1967,28
1967,28
1967,28
1967,29
1967,29
1967,30
1967,30
1967,30
1967,30
1967,30
1967,30
1967,31
1967,31
1967,32
1967,32
1967,32
1967,32
1967,33
1967,33
1967,33
1967,34
1967,34
1967,34
1967,34
1967,35
1967,35
1967,35
1967,35
1967,35
1967,35
1967,36
1967,36
1967,37
1967,38
1967,38
1967,38
1967,39
1967,39
1967,40
1967,40
1967,41
1967,42
1967,43
1967,43
1967,44
1967,45
1967,53
1968,1
1968,2
1968,2
1968,4
1968,4
1968,4
1968,4
1968,5
1968,6
1968,6
1968,7
1968,7
1968,7
1968,7
1968,8
1968,8
1968,8
1968,8
1968,8
1968,8
1968,9
1968,9
1968,9
1968,9
1968,9
1968,9
1968,10
1968,10
1968,10
1968,10
1968,10
1968,10
1968,10
1968,10
1968,10
1968,10
1968,10
1968,11
1968,11
1968,11
1968,11
1968,11
1968,11
1968,11
1968,11
1968,11
1968,11
1968,12
1968,12
1968,12
1968,12
1968,12
1968,12
1968,12
1968,12
1968,12
1968,12
1968,12
1968,12
1968,12
1968,12
1968,12
1968,12
1968,12
1968,12
1968,13
1968,13
1968,13
1968,13
1968,13
1968,13
1968,13
1968,13
1968,13
1968,13
1968,13
1968,13
1968,13
1968,13
1968,14
1968,14
1968,14
1968,14
1968,14
1968,14
1968,14
1968,14
1968,14
1968,14
1968,14
1968,14
1968,14
1968,14
1968,14
1968,15
1968,15
1968,15
1968,15
1968,16
1968,16
1968,16
1968,16
1968,16
1968,16
1968,16
1968,16
1968,16
1968,16
1968,16
1968,17
1968,17
1968,17
1968,17
1968,17
1968,17
1968,17
1968,17
1968,17
1968,17
1968,17
1968,17
1968,18
1968,18
1968,18
1968,18
1968,18
1968,18
1968,18
1968,18
1968,18
1968,18
1968,19
1968,19
1968,19
1968,19
1968,19
1968,19
1968,19
1968,19
1968,19
1968,19
1968,20
1968,20
1968,20
1968,20
1968,20
1968,20
1968,20
1968,20
1968,20
1968,20
1968,21
1968,21
1968,21
1968,21
1968,21
1968,21
1968,21
1968,21
1968,21
1968,21
1968,21
1968,21
1968,21
1968,21
1968,22
1968,22
1968,22
1968,22
1968,22
1968,22
1968,22
1968,22
1968,22
1968,23
1968,23
1968,23
1968,23
1968,23
1968,23
1968,23
1968,23
1968,23
1968,23
1968,23
1968,23
1968,24
1968,24
1968,24
1968,24
1968,24
1968,24
1968,24
1968,25
1968,25
1968,25
1968,25
1968,25
1968,25
1968,25
1968,25
1968,25
1968,25
1968,25
1968,26
1968,26
1968,26
1968,26
1968,26
1968,26
1968,26
1968,26
1968,26
1968,27
1968,27
1968,27
1968,27
1968,27
1968,27
1968,27
1968,27
1968,27
1968,27
1968,27
1968,28
1968,28
1968,28
1968,28
1968,28
1968,29
1968,29
1968,29
1968,29
1968,29
1968,29
1968,30
1968,30
1968,30
1968,30
1968,30
1968,31
1968,32
1968,32
1968,32
1968,32
1968,32
1968,32
1968,32
1968,33
1968,33
1968,33
1968,33
1968,33
1968,33
1968,34
1968,35
1968,35
1968,35
1968,35
1968,35
1968,35
1968,35
1968,36
1968,36
1968,36
1968,38
1968,38
1968,38
1968,39
1968,39
1968,39
1968,40
1968,40
1968,40
1968,41
1968,42
1968,42
1968,42
1968,44
1968,44
1968,44
1968,53
1969,2
1969,2
1969,2
1969,2
1969,4
1969,4
1969,4
1969,4
1969,4
1969,4
1969,4
1969,4
1969,4
1969,4
1969,5
1969,5
1969,5
1969,6
1969,6
1969,6
1969,6
1969,6
1969,6
1969,6
1969,7
1969,7
1969,7
1969,8
1969,8
1969,8
1969,8
1969,8
1969,8
1969,8
1969,8
1969,8
1969,9
1969,9
1969,9
1969,9
1969,9
1969,9
1969,10
1969,10
1969,10
1969,10
1969,10
1969,11
1969,11
1969,11
1969,11
1969,11
1969,12
1969,12
1969,12
1969,12
1969,12
1969,12
1969,12
1969,12
1969,12
1969,12
1969,12
1969,12
1969,12
1969,13
1969,13
1969,13
1969,13
1969,13
1969,13
1969,13
1969,13
1969,14
1969,14
1969,14
1969,14
1969,14
1969,14
1969,14
1969,14
1969,15
1969,15
1969,15
1969,15
1969,15
1969,15
1969,15
1969,15
1969,15
1969,15
1969,15
1969,15
1969,15
1969,15
1969,15
1969,15
1969,15
1969,16
1969,16
1969,16
1969,16
1969,16
1969,16
1969,16
1969,16
1969,17
1969,17
1969,17
1969,17
1969,17
1969,17
1969,17
1969,18
1969,18
1969,18
1969,18
1969,18
1969,18
1969,18
1969,18
1969,18
1969,18
1969,18
1969,18
1969,18
1969,18
1969,19
1969,19
1969,19
1969,19
1969,19
1969,19
1969,19
1969,19
1969,19
1969,19
1969,19
1969,19
1969,20
1969,20
1969,20
1969,20
1969,20
1969,20
1969,20
1969,20
1969,20
1969,20
1969,20
1969,20
1969,20
1969,21
1969,21
1969,21
1969,21
1969,21
1969,21
1969,21
1969,21
1969,22
1969,22
1969,22
1969,22
1969,22
1969,22
1969,22
1969,22
1969,22
1969,22
1969,22
1969,23
1969,23
1969,23
1969,23
1969,23
1969,23
1969,23
1969,23
1969,24
1969,25
1969,25
1969,25
1969,25
1969,25
1969,25
1969,25
1969,25
1969,25
1969,25
1969,25
1969,26
1969,26
1969,27
1969,27
1969,27
1969,27
1969,27
1969,28
1969,28
1969,28
1969,28
1969,28
1969,28
1969,28
1969,28
1969,28
1969,29
1969,29
1969,29
1969,30
1969,30
1969,30
1969,30
1969,30
1969,30
1969,30
1969,30
1969,31
1969,31
1969,31
1969,31
1969,31
1969,31
1969,31
1969,31
1969,31
1969,31
1969,32
1969,32
1969,32
1969,32
1969,33
1969,33
1969,33
1969,33
1969,33
1969,33
1969,33
1969,33
1969,33
1969,33
1969,33
1969,33
1969,34
1969,34
1969,34
1969,35
1969,35
1969,35
1969,36
1969,36
1969,36
1969,36
1969,36
1969,36
1969,37
1969,37
1969,37
1969,37
1969,39
1969,39
1969,39
1969,40
1969,40
1969,40
1969,40
1969,41
1969,41
1969,41
1969,41
1969,42
1969,42
1969,43
1969,44
1969,44
1969,46
1969,47
1969,47
1969,52
1969,53
1970,2
1970,3
1970,4
1970,4
1970,4
1970,4
1970,4
1970,4
1970,4
1970,4
1970,4
1970,4
1970,4
1970,5
1970,6
1970,6
1970,6
1970,6
1970,6
1970,6
1970,6
1970,7
1970,7
1970,8
1970,8
1970,8
1970,8
1970,9
1970,9
1970,9
1970,9
1970,9
1970,9
1970,10
1970,10
1970,10
1970,10
1970,10
1970,10
1970,10
1970,10
1970,10
1970,10
1970,11
1970,11
1970,11
1970,11
1970,11
1970,11
1970,11
1970,11
1970,12
1970,12
1970,12
1970,12
1970,12
1970,13
1970,13
1970,13
1970,13
1970,13
1970,13
1970,13
1970,13
1970,13
1970,13
1970,14
1970,14
1970,14
1970,14
1970,14
1970,14
1970,14
1970,14
1970,14
1970,15
1970,15
1970,15
1970,15
1970,15
1970,15
1970,15
1970,15
1970,15
1970,15
1970,16
1970,16
1970,16
1970,16
1970,16
1970,16
1970,16
1970,16
1970,16
1970,17
1970,17
1970,17
1970,17
1970,17
1970,17
1970,17
1970,17
1970,17
1970,17
1970,17
1970,17
1970,17
1970,18
1970,18
1970,18
1970,18
1970,18
1970,18
1970,18
1970,18
1970,18
1970,19
1970,19
1970,19
1970,19
1970,19
1970,19
1970,19
1970,19
1970,20
1970,20
1970,20
1970,20
1970,20
1970,20
1970,20
1970,21
1970,21
1970,21
1970,21
1970,21
1970,22
1970,22
1970,22
1970,22
1970,22
1970,22
1970,22
1970,22
1970,22
1970,22
1970,22
1970,23
1970,23
1970,23
1970,23
1970,23
1970,23
1970,23
1970,23
1970,23
1970,23
1970,24
1970,24
1970,24
1970,24
1970,24
1970,25
1970,25
1970,25
1970,25
1970,25
1970,26
1970,26
1970,26
1970,26
1970,26
1970,27
1970,27
1970,27
1970,27
1970,27
1970,27
1970,27
1970,27
1970,27
1970,28
1970,28
1970,28
1970,28
1970,29
1970,29
1970,29
1970,29
1970,30
1970,30
1970,30
1970,30
1970,30
1970,31
1970,31
1970,31
1970,31
1970,31
1970,31
1970,31
1970,31
1970,32
1970,32
1970,32
1970,32
1970,32
1970,32
1970,32
1970,32
1970,33
1970,33
1970,34
1970,34
1970,34
1970,35
1970,35
1970,35
1970,35
1970,36
1970,37
1970,37
1970,37
1970,38
1970,39
1970,39
1970,39
1970,39
1970,40
1970,40
1970,40
1970,40
1970,41
1970,41
1970,41
1970,41
1970,42
1970,42
1970,43
1970,44
1970,44
1970,44
1970,44
1970,45
1970,45
1970,45
1970,46
1970,46
1970,47
1970,48
1970,51
1970,53
1970,58
1971,2
1971,2
1971,2
1971,2
1971,2
1971,4
1971,4
1971,4
1971,6
1971,6
1971,6
1971,6
1971,6
1971,6
1971,7
1971,8
1971,9
1971,10
1971,11
1971,11
1971,11
1971,11
1971,12
1971,12
1971,12
1971,12
1971,12
1971,13
1971,13
1971,13
1971,14
1971,14
1971,14
1971,14
1971,14
1971,15
1971,16
1971,16
1971,16
1971,17
1971,17
1971,17
1971,17
1971,17
1971,17
1971,17
1971,18
1971,18
1971,18
1971,18
1971,18
1971,18
1971,19
1971,19
1971,19
1971,20
1971,20
1971,20
1971,20
1971,20
1971,20
1971,21
1971,21
1971,21
1971,21
1971,22
1971,23
1971,23
1971,24
1971,24
1971,24
1971,24
1971,25
1971,25
1971,25
1971,26
1971,26
1971,26
1971,26
1971,27
1971,27
1971,27
1971,27
1971,28
1971,28
1971,29
1971,30
1971,30
1971,30
1971,31
1971,31
1971,31
1971,32
1971,33
1971,33
1971,34
1971,34
1971,35
1971,35
1971,37
1971,37
1971,37
1971,38
1971,38
1971,39
1971,40
1971,41
1971,41
1971,44
1971,45
1971,51
1972,2
1972,2
1972,2
1972,2
1972,3
1972,4
1972,4
1972,4
1972,4
1972,6
1972,7
1972,8
1972,8
1972,8
1972,8
1972,8
1972,9
1972,11
1972,12
1972,12
1972,12
1972,12
1972,12
1972,12
1972,12
1972,12
1972,12
1972,13
1972,13
1972,13
1972,13
1972,14
1972,14
1972,14
1972,14
1972,14
1972,15
1972,15
1972,15
1972,15
1972,15
1972,16
1972,16
1972,17
1972,17
1972,17
1972,17
1972,18
1972,18
1972,18
1972,18
1972,18
1972,18
1972,18
1972,19
1972,19
1972,19
1972,19
1972,19
1972,20
1972,20
1972,20
1972,20
1972,21
1972,22
1972,22
1972,22
1972,23
1972,23
1972,23
1972,23
1972,23
1972,23
1972,23
1972,24
1972,24
1972,24
1972,25
1972,25
1972,25
1972,27
1972,27
1972,27
1972,27
1972,27
1972,27
1972,28
1972,28
1972,28
1972,29
1972,29
1972,29
1972,29
1972,29
1972,30
1972,30
1972,30
1972,30
1972,30
1972,31
1972,31
1972,31
1972,31
1972,32
1972,32
1972,33
1972,33
1972,33
1972,33
1972,33
1972,33
1972,33
1972,35
1972,35
1972,35
1972,37
1972,38
1972,38
1972,38
1972,38
1972,41
1972,41
1972,42
1972,43
1972,46
1972,47
1972,49
1972,49
1972,50
1972,52
1973,2
1973,2
1973,2
1973,2
1973,3
1973,3
1973,3
1973,4
1973,4
1973,4
1973,4
1973,4
1973,4
1973,5
1973,6
1973,6
1973,6
1973,6
1973,6
1973,6
1973,8
1973,8
1973,8
1973,8
1973,9
1973,9
1973,9
1973,9
1973,9
1973,9
1973,10
1973,10
1973,11
1973,11
1973,11
1973,12
1973,12
1973,12
1973,12
1973,12
1973,12
1973,12
1973,12
1973,13
1973,13
1973,13
1973,13
1973,14
1973,14
1973,14
1973,15
1973,15
1973,15
1973,15
1973,16
1973,16
1973,16
1973,16
1973,16
1973,17
1973,17
1973,17
1973,17
1973,17
1973,17
1973,18
1973,18
1973,18
1973,18
1973,18
1973,18
1973,18
1973,18
1973,18
1973,19
1973,19
1973,19
1973,19
1973,19
1973,19
1973,20
1973,20
1973,20
1973,20
1973,20
1973,20
1973,20
1973,21
1973,21
1973,21
1973,21
1973,22
1973,22
1973,22
1973,22
1973,22
1973,22
1973,22
1973,22
1973,22
1973,22
1973,22
1973,23
1973,23
1973,23
1973,23
1973,23
1973,23
1973,23
1973,24
1973,24
1973,24
1973,25
1973,25
1973,25
1973,25
1973,26
1973,26
1973,26
1973,27
1973,27
1973,27
1973,27
1973,27
1973,27
1973,27
1973,28
1973,28
1973,29
1973,29
1973,29
1973,30
1973,31
1973,31
1973,31
1973,32
1973,32
1973,32
1973,33
1973,33
1973,33
1973,34
1973,34
1973,34
1973,34
1973,34
1973,35
1973,35
1973,35
1973,35
1973,35
1973,36
1973,37
1973,38
1973,38
1973,38
1973,38
1973,39
1973,39
1973,39
1973,40
1973,40
1973,40
1973,41
1973,41
1973,43
1973,44
1973,47
1973,47
1973,48
1973,49
1973,50
1973,51
1974,2
1974,2
1974,2
1974,4
1974,4
1974,4
1974,4
1974,4
1974,4
1974,4
1974,4
1974,4
1974,4
1974,4
1974,5
1974,5
1974,6
1974,6
1974,6
1974,6
1974,7
1974,7
1974,8
1974,8
1974,8
1974,8
1974,8
1974,8
1974,9
1974,9
1974,9
1974,9
1974,10
1974,10
1974,10
1974,10
1974,11
1974,11
1974,11
1974,11
1974,11
1974,12
1974,12
1974,12
1974,13
1974,13
1974,13
1974,13
1974,13
1974,13
1974,14
1974,14
1974,14
1974,15
1974,15
1974,15
1974,15
1974,15
1974,15
1974,16
1974,16
1974,17
1974,17
1974,18
1974,18
1974,18
1974,18
1974,19
1974,19
1974,19
1974,19
1974,19
1974,20
1974,20
1974,20
1974,20
1974,20
1974,20
1974,20
1974,20
1974,21
1974,21
1974,21
1974,21
1974,21
1974,21
1974,22
1974,22
1974,22
1974,22
1974,22
1974,23
1974,23
1974,23
1974,23
1974,23
1974,23
1974,24
1974,24
1974,24
1974,24
1974,25
1974,25
1974,25
1974,25
1974,26
1974,26
1974,26
1974,27
1974,28
1974,28
1974,28
1974,29
1974,29
1974,29
1974,29
1974,30
1974,30
1974,30
1974,30
1974,31
1974,32
1974,32
1974,32
1974,33
1974,33
1974,33
1974,35
1974,35
1974,35
1974,36
1974,36
1974,37
1974,37
1974,38
1974,38
1974,39
1974,39
1974,41
1974,42
1974,43
1974,43
1974,43
1974,44
1974,44
1974,44
1974,45
1974,45
1974,47
1974,47
1974,50
1974,53
1974,53
1974,55
1974,56
1974,58
1974,58
1974,59
1975,2
1975,2
1975,2
1975,2
1975,2
1975,2
1975,2
1975,3
1975,4
1975,4
1975,4
1975,4
1975,4
1975,4
1975,5
1975,5
1975,6
1975,6
1975,6
1975,8
1975,8
1975,8
1975,8
1975,8
1975,9
1975,10
1975,10
1975,10
1975,10
1975,10
1975,11
1975,11
1975,11
1975,11
1975,12
1975,12
1975,12
1975,12
1975,13
1975,13
1975,13
1975,14
1975,14
1975,14
1975,14
1975,15
1975,15
1975,15
1975,15
1975,16
1975,16
1975,16
1975,16
1975,16
1975,16
1975,16
1975,17
1975,17
1975,17
1975,17
1975,17
1975,17
1975,17
1975,18
1975,18
1975,18
1975,18
1975,18
1975,18
1975,19
1975,19
1975,19
1975,19
1975,20
1975,20
1975,21
1975,21
1975,21
1975,21
1975,21
1975,22
1975,22
1975,22
1975,22
1975,22
1975,22
1975,22
1975,22
1975,23
1975,23
1975,23
1975,23
1975,24
1975,24
1975,24
1975,24
1975,24
1975,24
1975,24
1975,25
1975,25
1975,25
1975,25
1975,25
1975,26
1975,26
1975,26
1975,26
1975,26
1975,27
1975,27
1975,27
1975,27
1975,27
1975,27
1975,27
1975,27
1975,27
1975,28
1975,28
1975,28
1975,28
1975,29
1975,29
1975,30
1975,30
1975,30
1975,30
1975,30
1975,31
1975,32
1975,32
1975,32
1975,32
1975,32
1975,33
1975,34
1975,35
1975,35
1975,36
1975,36
1975,37
1975,37
1975,37
1975,38
1975,38
1975,38
1975,39
1975,39
1975,40
1975,40
1975,40
1975,41
1975,41
1975,43
1975,44
1975,46
1975,46
1975,46
1975,47
1975,47
1975,49
1975,53
1975,55
1975,55
1975,57
1976,2
1976,4
1976,4
1976,4
1976,4
1976,5
1976,6
1976,9
1976,9
1976,10
1976,10
1976,11
1976,11
1976,12
1976,13
1976,14
1976,14
1976,15
1976,15
1976,16
1976,17
1976,17
1976,17
1976,17
1976,18
1976,18
1976,18
1976,18
1976,18
1976,18
1976,19
1976,19
1976,19
1976,19
1976,20
1976,20
1976,21
1976,21
1976,21
1976,22
1976,22
1976,23
1976,23
1976,23
1976,23
1976,24
1976,25
1976,25
1976,27
1976,27
1976,27
1976,27
1976,27
1976,28
1976,28
1976,29
1976,29
1976,31
1976,32
1976,34
1976,34
1976,35
1976,35
1976,35
1976,35
1976,35
1976,36
1976,36
1976,37
1976,39
1976,39
1976,39
1976,40
1976,40
1976,40
1976,41
1976,43
1976,44
1976,45
1976,45
1976,46
1976,46
1976,49
1976,54
1976,57
1976,59
1976,59
1976,63
1977,1
1977,2
1977,2
1977,2
1977,2
1977,3
1977,4
1977,5
1977,5
1977,6
1977,9
1977,10
1977,10
1977,10
1977,10
1977,11
1977,12
1977,13
1977,14
1977,15
1977,15
1977,16
1977,17
1977,17
1977,17
1977,17
1977,18
1977,18
1977,18
1977,18
1977,18
1977,19
1977,20
1977,20
1977,22
1977,22
1977,23
1977,25
1977,26
1977,26
1977,29
1977,29
1977,30
1977,32
1977,32
1977,33
1977,33
1977,36
1977,36
1977,38
1977,39
1977,39
1977,39
1977,40
1977,44
1977,44
1977,46
1977,49
1977,52
1977,53
1977,59
1977,66
1978,2
1978,4
1978,4
1978,4
1978,4
1978,5
1978,6
1978,6
1978,6
1978,7
1978,8
1978,8
1978,8
1978,9
1978,9
1978,10
1978,11
1978,12
1978,12
1978,12
1978,12
1978,12
1978,12
1978,14
1978,14
1978,15
1978,15
1978,15
1978,16
1978,17
1978,17
1978,18
1978,18
1978,18
1978,18
1978,18
1978,19
1978,19
1978,19
1978,20
1978,20
1978,20
1978,21
1978,22
1978,22
1978,23
1978,23
1978,24
1978,25
1978,25
1978,26
1978,27
1978,27
1978,27
1978,28
1978,28
1978,28
1978,29
1978,29
1978,29
1978,32
1978,32
1978,33
1978,34
1978,35
1978,35
1978,35
1978,35
1978,36
1978,37
1978,38
1978,38
1978,38
1978,43
1978,43
1978,46
1978,48
1978,48
1978,51
1978,51
1978,52
1978,53
1978,54
1978,57
1978,57
1979,3
1979,4
1979,5
1979,6
1979,6
1979,6
1979,7
1979,8
1979,9
1979,10
1979,10
1979,11
1979,11
1979,12
1979,12
1979,12
1979,12
1979,13
1979,13
1979,13
1979,14
1979,14
1979,14
1979,15
1979,15
1979,16
1979,17
1979,17
1979,17
1979,18
1979,18
1979,18
1979,19
1979,19
1979,21
1979,22
1979,22
1979,22
1979,23
1979,24
1979,24
1979,24
1979,24
1979,25
1979,26
1979,26
1979,26
1979,27
1979,28
1979,28
1979,28
1979,29
1979,31
1979,31
1979,32
1979,33
1979,33
1979,34
1979,34
1979,35
1979,35
1979,36
1979,37
1979,40
1979,40
1979,41
1979,41
1979,41
1979,42
1979,44
1979,44
1979,45
1979,47
1979,48
1979,49
1979,49
1979,50
1979,52
1979,56
1979,57
1980,2
1980,2
1980,2
1980,2
1980,2
1980,4
1980,4
1980,4
1980,4
1980,4
1980,5
1980,5
1980,5
1980,5
1980,6
1980,6
1980,6
1980,6
1980,7
1980,7
1980,8
1980,8
1980,8
1980,9
1980,9
1980,10
1980,11
1980,11
1980,11
1980,11
1980,11
1980,11
1980,12
1980,12
1980,12
1980,12
1980,13
1980,14
1980,14
1980,14
1980,15
1980,15
1980,15
1980,15
1980,15
1980,15
1980,15
1980,16
1980,16
1980,16
1980,16
1980,16
1980,16
1980,16
1980,16
1980,17
1980,17
1980,18
1980,18
1980,18
1980,19
1980,19
1980,19
1980,19
1980,19
1980,20
1980,20
1980,20
1980,21
1980,21
1980,21
1980,22
1980,22
1980,22
1980,22
1980,23
1980,23
1980,23
1980,23
1980,24
1980,25
1980,26
1980,26
1980,26
1980,26
1980,26
1980,26
1980,26
1980,27
1980,28
1980,28
1980,28
1980,29
1980,29
1980,30
1980,30
1980,30
1980,31
1980,31
1980,31
1980,31
1980,31
1980,32
1980,32
1980,32
1980,32
1980,34
1980,34
1980,34
1980,34
1980,35
1980,36
1980,36
1980,37
1980,37
1980,38
1980,38
1980,39
1980,39
1980,40
1980,43
1980,43
1980,45
1980,45
1980,47
1980,48
1980,48
1980,53
1980,59
1981,2
1981,2
1981,2
1981,2
1981,3
1981,4
1981,4
1981,4
1981,6
1981,6
1981,6
1981,6
1981,7
1981,8
1981,8
1981,9
1981,10
1981,10
1981,11
1981,12
1981,12
1981,12
1981,12
1981,12
1981,12
1981,13
1981,13
1981,13
1981,15
1981,16
1981,16
1981,17
1981,17
1981,18
1981,18
1981,18
1981,19
1981,20
1981,20
1981,20
1981,20
1981,20
1981,21
1981,21
1981,22
1981,23
1981,23
1981,23
1981,23
1981,23
1981,24
1981,25
1981,25
1981,25
1981,26
1981,26
1981,26
1981,26
1981,26
1981,27
1981,27
1981,29
1981,30
1981,30
1981,31
1981,33
1981,33
1981,34
1981,34
1981,35
1981,35
1981,36
1981,36
1981,37
1981,38
1981,40
1981,40
1981,41
1981,41
1981,41
1981,42
1981,42
1981,43
1981,43
1981,44
1981,44
1981,45
1981,45
1981,45
1981,46
1981,47
1981,47
1981,48
1981,50
1981,57
1981,57
1981,59
1981,60
1981,61
1981,65
1981,67
1981,72
1982,2
1982,2
1982,2
1982,2
1982,2
1982,2
1982,2
1982,2
1982,2
1982,3
1982,3
1982,4
1982,4
1982,4
1982,4
1982,4
1982,4
1982,4
1982,4
1982,4
1982,4
1982,4
1982,4
1982,5
1982,5
1982,5
1982,6
1982,6
1982,6
1982,6
1982,6
1982,6
1982,7
1982,7
1982,7
1982,8
1982,8
1982,8
1982,8
1982,8
1982,9
1982,9
1982,9
1982,10
1982,10
1982,10
1982,11
1982,11
1982,12
1982,12
1982,12
1982,13
1982,14
1982,15
1982,15
1982,15
1982,15
1982,16
1982,16
1982,17
1982,17
1982,18
1982,18
1982,18
1982,18
1982,18
1982,18
1982,18
1982,18
1982,18
1982,19
1982,19
1982,19
1982,19
1982,19
1982,20
1982,20
1982,20
1982,20
1982,21
1982,22
1982,22
1982,22
1982,22
1982,22
1982,23
1982,23
1982,24
1982,24
1982,24
1982,24
1982,24
1982,24
1982,25
1982,25
1982,25
1982,26
1982,27
1982,27
1982,27
1982,28
1982,28
1982,28
1982,29
1982,29
1982,29
1982,30
1982,31
1982,31
1982,31
1982,31
1982,31
1982,31
1982,31
1982,32
1982,32
1982,32
1982,32
1982,32
1982,33
1982,33
1982,33
1982,33
1982,33
1982,35
1982,35
1982,36
1982,36
1982,37
1982,37
1982,37
1982,37
1982,37
1982,38
1982,38
1982,39
1982,39
1982,39
1982,39
1982,40
1982,40
1982,40
1982,42
1982,42
1982,42
1982,42
1982,42
1982,43
1982,43
1982,43
1982,44
1982,44
1982,44
1982,44
1982,45
1982,45
1982,45
1982,46
1982,47
1982,47
1982,48
1982,49
1982,50
1982,50
1982,52
1982,52
1982,52
1982,52
1982,55
1982,57
1982,60
1982,68
1982,80
1982,80
1983,1
1983,2
1983,2
1983,2
1983,2
1983,2
1983,2
1983,2
1983,2
1983,3
1983,3
1983,4
1983,4
1983,4
1983,4
1983,4
1983,4
1983,4
1983,4
1983,5
1983,5
1983,5
1983,6
1983,6
1983,6
1983,6
1983,6
1983,6
1983,7
1983,7
1983,7
1983,7
1983,7
1983,8
1983,8
1983,8
1983,9
1983,9
1983,9
1983,9
1983,9
1983,10
1983,10
1983,10
1983,11
1983,11
1983,11
1983,11
1983,12
1983,12
1983,12
1983,12
1983,12
1983,12
1983,13
1983,13
1983,14
1983,14
1983,14
1983,15
1983,15
1983,15
1983,16
1983,16
1983,17
1983,17
1983,17
1983,18
1983,18
1983,18
1983,19
1983,20
1983,20
1983,20
1983,20
1983,20
1983,20
1983,21
1983,22
1983,22
1983,23
1983,24
1983,24
1983,24
1983,24
1983,24
1983,25
1983,25
1983,25
1983,25
1983,25
1983,26
1983,26
1983,26
1983,27
1983,27
1983,27
1983,27
1983,28
1983,28
1983,28
1983,28
1983,28
1983,28
1983,29
1983,29
1983,29
1983,30
1983,30
1983,30
1983,31
1983,31
1983,31
1983,31
1983,31
1983,32
1983,33
1983,33
1983,33
1983,34
1983,34
1983,35
1983,35
1983,36
1983,36
1983,36
1983,37
1983,37
1983,37
1983,38
1983,38
1983,39
1983,39
1983,39
1983,40
1983,40
1983,40
1983,41
1983,42
1983,43
1983,43
1983,43
1983,45
1983,45
1983,45
1983,45
1983,46
1983,46
1983,47
1983,48
1983,49
1983,49
1983,50
1983,51
1983,51
1983,52
1983,52
1983,55
1983,56
1983,56
1983,56
1983,63
1983,65
1983,75
1984,2
1984,2
1984,2
1984,2
1984,2
1984,2
1984,2
1984,2
1984,2
1984,2
1984,2
1984,2
1984,3
1984,3
1984,3
1984,4
1984,4
1984,4
1984,4
1984,4
1984,4
1984,4
1984,4
1984,4
1984,4
1984,4
1984,4
1984,4
1984,4
1984,4
1984,4
1984,5
1984,5
1984,5
1984,5
1984,5
1984,5
1984,5
1984,5
1984,6
1984,6
1984,6
1984,6
1984,6
1984,6
1984,6
1984,6
1984,6
1984,6
1984,6
1984,7
1984,7
1984,8
1984,8
1984,8
1984,9
1984,9
1984,9
1984,9
1984,10
1984,10
1984,11
1984,11
1984,12
1984,12
1984,12
1984,12
1984,13
1984,13
1984,13
1984,13
1984,14
1984,14
1984,15
1984,15
1984,15
1984,15
1984,15
1984,16
1984,17
1984,17
1984,17
1984,17
1984,18
1984,18
1984,18
1984,18
1984,18
1984,19
1984,19
1984,19
1984,19
1984,20
1984,21
1984,21
1984,22
1984,22
1984,22
1984,23
1984,23
1984,23
1984,23
1984,23
1984,23
1984,24
1984,24
1984,24
1984,25
1984,25
1984,26
1984,26
1984,26
1984,26
1984,27
1984,28
1984,29
1984,29
1984,29
1984,30
1984,31
1984,31
1984,31
1984,32
1984,33
1984,33
1984,33
1984,34
1984,34
1984,34
1984,35
1984,35
1984,36
1984,36
1984,37
1984,37
1984,37
1984,37
1984,38
1984,39
1984,39
1984,39
1984,39
1984,40
1984,41
1984,41
1984,42
1984,42
1984,43
1984,47
1984,47
1984,48
1984,49
1984,53
1984,53
1984,53
1984,53
1984,62
1985,2
1985,2
1985,2
1985,2
1985,2
1985,2
1985,2
1985,2
1985,2
1985,3
1985,4
1985,4
1985,4
1985,4
1985,4
1985,4
1985,4
1985,4
1985,4
1985,4
1985,5
1985,5
1985,5
1985,5
1985,5
1985,5
1985,5
1985,5
1985,6
1985,6
1985,6
1985,6
1985,6
1985,6
1985,6
1985,6
1985,6
1985,6
1985,7
1985,7
1985,7
1985,7
1985,8
1985,8
1985,8
1985,8
1985,9
1985,9
1985,9
1985,9
1985,9
1985,9
1985,9
1985,10
1985,10
1985,10
1985,10
1985,11
1985,12
1985,12
1985,13
1985,13
1985,13
1985,14
1985,14
1985,14
1985,14
1985,14
1985,15
1985,15
1985,15
1985,15
1985,15
1985,16
1985,16
1985,16
1985,16
1985,16
1985,16
1985,17
1985,17
1985,17
1985,18
1985,18
1985,19
1985,19
1985,19
1985,19
1985,19
1985,19
1985,19
1985,20
1985,20
1985,20
1985,20
1985,20
1985,21
1985,21
1985,21
1985,22
1985,22
1985,22
1985,22
1985,22
1985,23
1985,23
1985,23
1985,23
1985,23
1985,24
1985,24
1985,24
1985,24
1985,24
1985,24
1985,25
1985,25
1985,26
1985,27
1985,28
1985,28
1985,28
1985,28
1985,29
1985,29
1985,29
1985,30
1985,30
1985,30
1985,31
1985,32
1985,33
1985,34
1985,35
1985,35
1985,35
1985,36
1985,36
1985,36
1985,37
1985,38
1985,38
1985,39
1985,40
1985,40
1985,40
1985,40
1985,41
1985,41
1985,41
1985,41
1985,42
1985,44
1985,44
1985,46
1985,48
1985,48
1985,52
1985,71
1985,78
1985,83
1986,2
1986,2
1986,2
1986,2
1986,2
1986,2
1986,2
1986,2
1986,2
1986,2
1986,3
1986,4
1986,4
1986,4
1986,4
1986,4
1986,4
1986,4
1986,4
1986,4
1986,4
1986,4
1986,4
1986,4
1986,5
1986,5
1986,5
1986,5
1986,5
1986,5
1986,5
1986,5
1986,6
1986,6
1986,6
1986,6
1986,7
1986,7
1986,7
1986,7
1986,7
1986,7
1986,7
1986,7
1986,8
1986,8
1986,9
1986,9
1986,10
1986,11
1986,11
1986,12
1986,12
1986,13
1986,13
1986,13
1986,14
1986,14
1986,15
1986,16
1986,17
1986,17
1986,17
1986,17
1986,17
1986,17
1986,17
1986,17
1986,17
1986,17
1986,18
1986,18
1986,18
1986,19
1986,20
1986,20
1986,21
1986,21
1986,21
1986,21
1986,21
1986,22
1986,22
1986,22
1986,22
1986,23
1986,23
1986,24
1986,25
1986,25
1986,25
1986,25
1986,25
1986,25
1986,25
1986,25
1986,25
1986,26
1986,27
1986,27
1986,27
1986,28
1986,28
1986,28
1986,29
1986,29
1986,29
1986,29
1986,30
1986,30
1986,30
1986,31
1986,32
1986,32
1986,32
1986,32
1986,33
1986,33
1986,34
1986,34
1986,36
1986,36
1986,37
1986,37
1986,38
1986,38
1986,39
1986,39
1986,39
1986,40
1986,41
1986,41
1986,41
1986,41
1986,42
1986,43
1986,44
1986,44
1986,49
1986,50
1986,54
1986,55
1986,56
1986,58
1986,67
1986,67
1986,71
1987,1
1987,2
1987,2
1987,2
1987,4
1987,4
1987,4
1987,4
1987,4
1987,4
1987,4
1987,5
1987,5
1987,5
1987,5
1987,6
1987,6
1987,6
1987,6
1987,6
1987,6
1987,6
1987,7
1987,8
1987,8
1987,8
1987,8
1987,8
1987,8
1987,9
1987,9
1987,9
1987,10
1987,10
1987,10
1987,10
1987,10
1987,10
1987,10
1987,11
1987,12
1987,12
1987,12
1987,12
1987,12
1987,12
1987,12
1987,13
1987,13
1987,14
1987,14
1987,14
1987,14
1987,15
1987,15
1987,15
1987,16
1987,16
1987,17
1987,17
1987,17
1987,17
1987,17
1987,17
1987,18
1987,18
1987,18
1987,18
1987,18
1987,19
1987,19
1987,19
1987,19
1987,19
1987,19
1987,19
1987,19
1987,19
1987,19
1987,20
1987,20
1987,20
1987,20
1987,20
1987,20
1987,21
1987,22
1987,22
1987,23
1987,23
1987,23
1987,23
1987,24
1987,24
1987,25
1987,25
1987,25
1987,25
1987,26
1987,26
1987,27
1987,27
1987,27
1987,27
1987,28
1987,28
1987,29
1987,29
1987,29
1987,29
1987,30
1987,30
1987,30
1987,30
1987,30
1987,31
1987,31
1987,32
1987,33
1987,33
1987,33
1987,33
1987,34
1987,34
1987,35
1987,35
1987,35
1987,35
1987,36
1987,36
1987,36
1987,37
1987,37
1987,37
1987,37
1987,38
1987,38
1987,38
1987,41
1987,42
1987,42
1987,42
1987,42
1987,42
1987,43
1987,43
1987,43
1987,44
1987,44
1987,46
1987,46
1987,46
1987,46
1987,50
1987,52
1987,57
1987,58
1987,61
1987,68
1987,69
1988,2
1988,2
1988,2
1988,2
1988,2
1988,2
1988,2
1988,2
1988,2
1988,2
1988,2
1988,3
1988,3
1988,3
1988,4
1988,4
1988,4
1988,4
1988,4
1988,4
1988,4
1988,4
1988,4
1988,4
1988,4
1988,4
1988,4
1988,4
1988,4
1988,4
1988,5
1988,5
1988,5
1988,5
1988,5
1988,5
1988,5
1988,6
1988,6
1988,6
1988,6
1988,6
1988,6
1988,6
1988,6
1988,6
1988,7
1988,7
1988,7
1988,7
1988,7
1988,8
1988,8
1988,8
1988,8
1988,9
1988,9
1988,10
1988,10
1988,10
1988,10
1988,11
1988,11
1988,11
1988,13
1988,13
1988,14
1988,14
1988,14
1988,14
1988,14
1988,16
1988,17
1988,17
1988,17
1988,17
1988,17
1988,17
1988,17
1988,18
1988,18
1988,18
1988,20
1988,20
1988,20
1988,20
1988,21
1988,21
1988,21
1988,22
1988,22
1988,22
1988,22
1988,22
1988,22
1988,23
1988,23
1988,23
1988,23
1988,24
1988,24
1988,24
1988,24
1988,24
1988,25
1988,26
1988,26
1988,26
1988,26
1988,27
1988,27
1988,27
1988,28
1988,28
1988,28
1988,29
1988,29
1988,30
1988,30
1988,32
1988,32
1988,32
1988,34
1988,34
1988,34
1988,34
1988,34
1988,35
1988,35
1988,36
1988,36
1988,36
1988,36
1988,37
1988,37
1988,37
1988,37
1988,37
1988,38
1988,38
1988,38
1988,38
1988,39
1988,40
1988,41
1988,41
1988,41
1988,41
1988,42
1988,42
1988,43
1988,44
1988,44
1988,44
1988,46
1988,47
1988,47
1988,50
1988,50
1988,51
1988,54
1988,54
1988,54
1988,55
1988,59
1988,70
1988,71
1989,2
1989,2
1989,2
1989,2
1989,3
1989,4
1989,4
1989,4
1989,4
1989,4
1989,5
1989,5
1989,5
1989,5
1989,6
1989,6
1989,6
1989,6
1989,7
1989,7
1989,8
1989,8
1989,8
1989,9
1989,9
1989,9
1989,9
1989,9
1989,10
1989,10
1989,11
1989,11
1989,11
1989,11
1989,12
1989,12
1989,13
1989,14
1989,15
1989,15
1989,15
1989,15
1989,15
1989,16
1989,16
1989,16
1989,16
1989,16
1989,16
1989,16
1989,17
1989,17
1989,18
1989,18
1989,18
1989,18
1989,19
1989,19
1989,19
1989,19
1989,20
1989,20
1989,20
1989,20
1989,20
1989,20
1989,20
1989,21
1989,21
1989,21
1989,21
1989,21
1989,22
1989,22
1989,22
1989,22
1989,22
1989,22
1989,23
1989,23
1989,23
1989,23
1989,23
1989,24
1989,24
1989,25
1989,25
1989,25
1989,26
1989,26
1989,26
1989,28
1989,28
1989,28
1989,29
1989,29
1989,30
1989,30
1989,30
1989,31
1989,31
1989,32
1989,32
1989,32
1989,32
1989,33
1989,33
1989,34
1989,34
1989,34
1989,34
1989,35
1989,35
1989,36
1989,36
1989,37
1989,37
1989,37
1989,38
1989,38
1989,38
1989,39
1989,39
1989,39
1989,39
1989,39
1989,40
1989,40
1989,40
1989,41
1989,43
1989,43
1989,43
1989,46
1989,47
1989,47
1989,47
1989,49
1989,51
1989,53
1989,54
1989,61
1989,62
1989,65
1989,66
1989,67
1989,77
1990,2
1990,2
1990,3
1990,4
1990,4
1990,4
1990,4
1990,4
1990,4
1990,4
1990,4
1990,4
1990,4
1990,4
1990,4
1990,4
1990,5
1990,5
1990,5
1990,5
1990,5
1990,6
1990,6
1990,6
1990,6
1990,6
1990,6
1990,6
1990,6
1990,7
1990,7
1990,7
1990,7
1990,8
1990,8
1990,8
1990,8
1990,8
1990,9
1990,9
1990,10
1990,10
1990,10
1990,10
1990,11
1990,11
1990,11
1990,11
1990,12
1990,12
1990,13
1990,13
1990,13
1990,14
1990,14
1990,14
1990,14
1990,14
1990,15
1990,16
1990,18
1990,19
1990,19
1990,19
1990,20
1990,20
1990,21
1990,21
1990,21
1990,22
1990,22
1990,23
1990,23
1990,24
1990,25
1990,25
1990,25
1990,26
1990,26
1990,26
1990,26
1990,27
1990,27
1990,27
1990,29
1990,29
1990,29
1990,29
1990,30
1990,30
1990,31
1990,31
1990,32
1990,32
1990,32
1990,32
1990,33
1990,33
1990,35
1990,35
1990,36
1990,36
1990,36
1990,36
1990,36
1990,36
1990,36
1990,36
1990,36
1990,37
1990,38
1990,38
1990,38
1990,39
1990,39
1990,39
1990,39
1990,39
1990,40
1990,40
1990,40
1990,40
1990,40
1990,41
1990,42
1990,42
1990,44
1990,44
1990,49
1990,50
1990,51
1990,51
1990,51
1990,52
1990,55
1990,56
1990,69
1991,2
1991,2
1991,2
1991,2
1991,2
1991,2
1991,2
1991,3
1991,3
1991,3
1991,4
1991,4
1991,4
1991,4
1991,4
1991,4
1991,4
1991,4
1991,4
1991,4
1991,4
1991,4
1991,4
1991,4
1991,4
1991,5
1991,5
1991,5
1991,5
1991,5
1991,5
1991,5
1991,5
1991,5
1991,6
1991,6
1991,6
1991,6
1991,6
1991,6
1991,6
1991,6
1991,6
1991,6
1991,6
1991,7
1991,7
1991,7
1991,7
1991,8
1991,8
1991,8
1991,9
1991,9
1991,9
1991,9
1991,10
1991,10
1991,11
1991,11
1991,11
1991,11
1991,11
1991,12
1991,12
1991,13
1991,13
1991,13
1991,14
1991,14
1991,14
1991,14
1991,14
1991,14
1991,14
1991,15
1991,15
1991,17
1991,17
1991,17
1991,17
1991,17
1991,18
1991,19
1991,19
1991,19
1991,19
1991,20
1991,20
1991,20
1991,21
1991,22
1991,23
1991,23
1991,23
1991,24
1991,24
1991,24
1991,24
1991,24
1991,24
1991,24
1991,25
1991,25
1991,25
1991,26
1991,26
1991,26
1991,27
1991,28
1991,28
1991,29
1991,29
1991,30
1991,30
1991,30
1991,31
1991,31
1991,31
1991,31
1991,33
1991,33
1991,34
1991,34
1991,34
1991,34
1991,35
1991,35
1991,36
1991,36
1991,36
1991,37
1991,37
1991,37
1991,38
1991,39
1991,39
1991,39
1991,40
1991,40
1991,41
1991,44
1991,48
1991,50
1991,53
1991,55
1991,55
1991,57
1991,59
1991,59
1991,63
1991,63
1991,64
1991,69
1992,2
1992,2
1992,2
1992,2
1992,3
1992,3
1992,4
1992,4
1992,4
1992,4
1992,4
1992,4
1992,4
1992,4
1992,4
1992,4
1992,4
1992,4
1992,4
1992,4
1992,4
1992,4
1992,5
1992,5
1992,5
1992,5
1992,5
1992,6
1992,6
1992,6
1992,6
1992,6
1992,6
1992,6
1992,6
1992,6
1992,6
1992,7
1992,7
1992,7
1992,8
1992,8
1992,9
1992,9
1992,9
1992,9
1992,10
1992,10
1992,10
1992,10
1992,11
1992,11
1992,12
1992,12
1992,13
1992,13
1992,14
1992,15
1992,15
1992,15
1992,15
1992,15
1992,15
1992,16
1992,17
1992,17
1992,18
1992,18
1992,18
1992,18
1992,19
1992,19
1992,19
1992,19
1992,19
1992,19
1992,20
1992,20
1992,20
1992,20
1992,20
1992,20
1992,20
1992,20
1992,21
1992,21
1992,21
1992,22
1992,22
1992,22
1992,22
1992,23
1992,23
1992,23
1992,24
1992,25
1992,25
1992,25
1992,25
1992,26
1992,26
1992,27
1992,27
1992,27
1992,28
1992,28
1992,28
1992,28
1992,28
1992,29
1992,29
1992,29
1992,30
1992,30
1992,31
1992,31
1992,32
1992,32
1992,32
1992,32
1992,32
1992,34
1992,34
1992,34
1992,34
1992,36
1992,36
1992,37
1992,37
1992,37
1992,37
1992,37
1992,37
1992,37
1992,38
1992,38
1992,38
1992,39
1992,39
1992,39
1992,40
1992,40
1992,40
1992,41
1992,41
1992,42
1992,42
1992,43
1992,44
1992,44
1992,45
1992,45
1992,45
1992,45
1992,46
1992,47
1992,50
1992,51
1992,52
1992,59
1992,60
1992,87
1993,2
1993,2
1993,2
1993,2
1993,2
1993,2
1993,3
1993,4
1993,4
1993,4
1993,4
1993,4
1993,4
1993,4
1993,4
1993,4
1993,5
1993,5
1993,6
1993,6
1993,6
1993,6
1993,6
1993,7
1993,7
1993,7
1993,8
1993,8
1993,8
1993,10
1993,10
1993,11
1993,11
1993,11
1993,12
1993,12
1993,13
1993,13
1993,14
1993,14
1993,14
1993,14
1993,15
1993,15
1993,15
1993,16
1993,16
1993,16
1993,17
1993,17
1993,17
1993,17
1993,18
1993,19
1993,20
1993,20
1993,20
1993,20
1993,21
1993,21
1993,21
1993,21
1993,21
1993,21
1993,21
1993,22
1993,22
1993,22
1993,22
1993,22
1993,23
1993,23
1993,24
1993,24
1993,24
1993,24
1993,24
1993,25
1993,25
1993,27
1993,27
1993,28
1993,28
1993,29
1993,29
1993,29
1993,30
1993,30
1993,30
1993,31
1993,32
1993,33
1993,33
1993,35
1993,35
1993,35
1993,35
1993,36
1993,36
1993,36
1993,36
1993,38
1993,39
1993,40
1993,41
1993,41
1993,41
1993,44
1993,44
1993,45
1993,46
1993,48
1993,49
1993,50
1993,52
1993,53
1993,64
1994,2
1994,2
1994,2
1994,2
1994,2
1994,2
1994,2
1994,2
1994,2
1994,2
1994,3
1994,3
1994,4
1994,4
1994,4
1994,4
1994,4
1994,4
1994,4
1994,4
1994,4
1994,4
1994,4
1994,4
1994,4
1994,4
1994,5
1994,5
1994,5
1994,5
1994,5
1994,6
1994,6
1994,6
1994,6
1994,6
1994,7
1994,7
1994,8
1994,8
1994,8
1994,8
1994,9
1994,9
1994,10
1994,10
1994,11
1994,11
1994,11
1994,12
1994,12
1994,12
1994,12
1994,13
1994,13
1994,13
1994,13
1994,13
1994,14
1994,14
1994,14
1994,14
1994,15
1994,15
1994,16
1994,16
1994,17
1994,17
1994,19
1994,19
1994,19
1994,20
1994,20
1994,20
1994,21
1994,21
1994,22
1994,22
1994,22
1994,22
1994,23
1994,23
1994,24
1994,25
1994,26
1994,26
1994,26
1994,27
1994,27
1994,27
1994,27
1994,28
1994,29
1994,29
1994,30
1994,31
1994,31
1994,31
1994,31
1994,31
1994,31
1994,31
1994,32
1994,33
1994,33
1994,34
1994,34
1994,34
1994,34
1994,34
1994,34
1994,35
1994,36
1994,37
1994,38
1994,38
1994,38
1994,39
1994,39
1994,39
1994,40
1994,40
1994,41
1994,41
1994,42
1994,43
1994,45
1994,46
1994,47
1994,47
1994,49
1994,50
1994,50
1994,50
1994,53
1994,54
1994,55
1994,55
1994,60
1994,63
1994,68
1994,70
1994,76
1994,76
1994,79
1994,81
1994,88
1995,2
1995,2
1995,2
1995,2
1995,2
1995,2
1995,2
1995,2
1995,2
1995,2
1995,2
1995,2
1995,2
1995,4
1995,4
1995,4
1995,4
1995,4
1995,4
1995,4
1995,4
1995,4
1995,4
1995,5
1995,5
1995,5
1995,6
1995,6
1995,7
1995,7
1995,8
1995,8
1995,8
1995,8
1995,9
1995,9
1995,9
1995,9
1995,11
1995,12
1995,12
1995,13
1995,13
1995,13
1995,14
1995,14
1995,15
1995,15
1995,16
1995,17
1995,17
1995,18
1995,18
1995,18
1995,19
1995,19
1995,20
1995,21
1995,21
1995,21
1995,21
1995,21
1995,21
1995,22
1995,22
1995,23
1995,23
1995,23
1995,23
1995,24
1995,24
1995,25
1995,25
1995,27
1995,27
1995,28
1995,29
1995,29
1995,29
1995,29
1995,29
1995,30
1995,30
1995,31
1995,32
1995,32
1995,32
1995,33
1995,33
1995,33
1995,34
1995,34
1995,34
1995,36
1995,36
1995,37
1995,37
1995,37
1995,38
1995,38
1995,40
1995,40
1995,42
1995,43
1995,46
1995,46
1995,46
1995,46
1995,51
1995,56
1995,57
1995,57
1995,59
1995,59
1995,62
1995,62
1995,64
1995,78
1996,2
1996,2
1996,2
1996,2
1996,3
1996,3
1996,4
1996,4
1996,4
1996,4
1996,4
1996,4
1996,4
1996,4
1996,4
1996,4
1996,5
1996,5
1996,6
1996,6
1996,7
1996,7
1996,7
1996,7
1996,9
1996,9
1996,10
1996,10
1996,11
1996,11
1996,11
1996,11
1996,12
1996,12
1996,13
1996,13
1996,13
1996,13
1996,13
1996,14
1996,15
1996,15
1996,15
1996,17
1996,17
1996,17
1996,18
1996,19
1996,20
1996,20
1996,21
1996,21
1996,22
1996,22
1996,22
1996,23
1996,24
1996,24
1996,26
1996,27
1996,28
1996,29
1996,29
1996,29
1996,29
1996,30
1996,30
1996,30
1996,31
1996,32
1996,32
1996,32
1996,34
1996,34
1996,34
1996,34
1996,35
1996,36
1996,36
1996,36
1996,37
1996,38
1996,38
1996,39
1996,40
1996,41
1996,41
1996,43
1996,43
1996,43
1996,43
1996,44
1996,45
1996,47
1996,49
1996,51
1996,54
1996,56
1996,59
1996,61
1996,67
1996,68
1996,69
1996,71
1996,71
1997,2
1997,2
1997,2
1997,2
1997,2
1997,2
1997,2
1997,2
1997,3
1997,3
1997,3
1997,4
1997,4
1997,4
1997,4
1997,4
1997,4
1997,4
1997,5
1997,5
1997,5
1997,5
1997,6
1997,6
1997,7
1997,7
1997,8
1997,8
1997,9
1997,9
1997,9
1997,10
1997,10
1997,10
1997,10
1997,11
1997,12
1997,12
1997,12
1997,13
1997,13
1997,13
1997,13
1997,13
1997,13
1997,13
1997,13
1997,14
1997,14
1997,14
1997,14
1997,15
1997,16
1997,16
1997,16
1997,16
1997,17
1997,18
1997,18
1997,18
1997,19
1997,19
1997,20
1997,20
1997,20
1997,20
1997,20
1997,21
1997,21
1997,22
1997,22
1997,22
1997,22
1997,22
1997,23
1997,23
1997,23
1997,23
1997,23
1997,23
1997,24
1997,24
1997,25
1997,25
1997,25
1997,25
1997,28
1997,29
1997,29
1997,29
1997,30
1997,30
1997,30
1997,32
1997,32
1997,33
1997,33
1997,34
1997,34
1997,34
1997,34
1997,35
1997,35
1997,35
1997,35
1997,36
1997,37
1997,38
1997,38
1997,38
1997,39
1997,40
1997,41
1997,43
1997,43
1997,44
1997,49
1997,50
1997,50
1997,50
1997,50
1997,51
1997,53
1997,54
1997,54
1997,55
1997,56
1997,56
1997,58
1997,58
1997,60
1997,68
1998,2
1998,2
1998,2
1998,2
1998,2
1998,2
1998,2
1998,2
1998,2
1998,2
1998,2
1998,2
1998,2
1998,3
1998,4
1998,4
1998,5
1998,6
1998,6
1998,6
1998,6
1998,6
1998,7
1998,8
1998,8
1998,8
1998,8
1998,8
1998,8
1998,9
1998,10
1998,10
1998,10
1998,10
1998,11
1998,11
1998,12
1998,12
1998,12
1998,12
1998,13
1998,13
1998,13
1998,13
1998,13
1998,14
1998,15
1998,15
1998,15
1998,16
1998,16
1998,17
1998,17
1998,17
1998,18
1998,18
1998,20
1998,20
1998,21
1998,22
1998,22
1998,22
1998,22
1998,23
1998,23
1998,23
1998,23
1998,23
1998,23
1998,23
1998,23
1998,24
1998,24
1998,24
1998,24
1998,25
1998,26
1998,26
1998,26
1998,27
1998,28
1998,28
1998,28
1998,28
1998,28
1998,29
1998,29
1998,29
1998,30
1998,30
1998,30
1998,31
1998,31
1998,32
1998,32
1998,32
1998,32
1998,32
1998,33
1998,33
1998,33
1998,34
1998,34
1998,35
1998,35
1998,35
1998,36
1998,36
1998,37
1998,37
1998,38
1998,38
1998,40
1998,40
1998,41
1998,41
1998,41
1998,42
1998,42
1998,43
1998,43
1998,43
1998,43
1998,44
1998,44
1998,45
1998,47
1998,48
1998,49
1998,51
1998,52
1998,56
1998,57
1998,58
1998,60
1998,61
1998,63
1998,67
1998,67
1999,2
1999,2
1999,2
1999,2
1999,2
1999,2
1999,2
1999,2
1999,2
1999,3
1999,4
1999,4
1999,4
1999,4
1999,4
1999,4
1999,4
1999,4
1999,4
1999,4
1999,4
1999,4
1999,5
1999,5
1999,6
1999,6
1999,6
1999,6
1999,6
1999,6
1999,6
1999,7
1999,7
1999,7
1999,7
1999,8
1999,8
1999,8
1999,8
1999,8
1999,8
1999,9
1999,9
1999,9
1999,9
1999,9
1999,10
1999,10
1999,10
1999,10
1999,10
1999,10
1999,10
1999,11
1999,11
1999,11
1999,12
1999,12
1999,12
1999,13
1999,13
1999,13
1999,13
1999,14
1999,15
1999,15
1999,16
1999,16
1999,17
1999,17
1999,17
1999,17
1999,17
1999,18
1999,18
1999,19
1999,19
1999,19
1999,20
1999,20
1999,21
1999,21
1999,21
1999,21
1999,22
1999,23
1999,23
1999,23
1999,24
1999,24
1999,24
1999,25
1999,25
1999,25
1999,25
1999,26
1999,26
1999,27
1999,27
1999,28
1999,29
1999,30
1999,30
1999,30
1999,30
1999,30
1999,31
1999,31
1999,31
1999,31
1999,32
1999,32
1999,32
1999,32
1999,33
1999,34
1999,35
1999,35
1999,36
1999,38
1999,39
1999,39
1999,40
1999,40
1999,40
1999,41
1999,42
1999,42
1999,42
1999,44
1999,45
1999,45
1999,45
1999,45
1999,46
1999,46
1999,47
1999,47
1999,49
1999,49
1999,53
1999,54
1999,54
1999,57
1999,58
1999,59
1999,59
1999,59
1999,61
1999,65
2000,1
2000,1
2000,1
2000,2
2000,2
2000,2
2000,3
2000,4
2000,4
2000,4
2000,4
2000,4
2000,4
2000,4
2000,4
2000,4
2000,4
2000,5
2000,5
2000,5
2000,5
2000,5
2000,5
2000,6
2000,6
2000,6
2000,6
2000,6
2000,6
2000,7
2000,7
2000,7
2000,8
2000,8
2000,8
2000,9
2000,9
2000,9
2000,11
2000,13
2000,13
2000,13
2000,13
2000,14
2000,15
2000,15
2000,15
2000,15
2000,16
2000,16
2000,16
2000,16
2000,16
2000,17
2000,17
2000,18
2000,18
2000,18
2000,19
2000,19
2000,19
2000,19
2000,19
2000,21
2000,22
2000,22
2000,22
2000,24
2000,24
2000,24
2000,25
2000,26
2000,26
2000,26
2000,26
2000,27
2000,27
2000,28
2000,28
2000,28
2000,29
2000,29
2000,29
2000,29
2000,30
2000,30
2000,31
2000,31
2000,32
2000,32
2000,32
2000,32
2000,33
2000,34
2000,34
2000,34
2000,34
2000,34
2000,35
2000,35
2000,36
2000,36
2000,37
2000,37
2000,38
2000,38
2000,40
2000,40
2000,40
2000,40
2000,41
2000,42
2000,42
2000,44
2000,44
2000,47
2000,48
2000,49
2000,50
2000,50
2000,50
2000,51
2000,53
2000,54
2000,54
2000,54
2000,58
2000,60
2000,63
2000,68
2000,69
2000,70
2000,77
2001,1
2001,2
2001,2
2001,2
2001,2
2001,2
2001,2
2001,2
2001,2
2001,2
2001,2
2001,2
2001,2
2001,2
2001,2
2001,2
2001,2
2001,2
2001,2
2001,3
2001,3
2001,3
2001,3
2001,4
2001,4
2001,4
2001,4
2001,4
2001,4
2001,4
2001,4
2001,4
2001,4
2001,4
2001,5
2001,5
2001,5
2001,5
2001,5
2001,5
2001,6
2001,6
2001,6
2001,6
2001,6
2001,6
2001,6
2001,6
2001,6
2001,7
2001,7
2001,7
2001,7
2001,7
2001,8
2001,8
2001,8
2001,8
2001,8
2001,9
2001,9
2001,9
2001,10
2001,10
2001,10
2001,11
2001,11
2001,11
2001,11
2001,12
2001,12
2001,12
2001,13
2001,13
2001,13
2001,14
2001,14
2001,14
2001,14
2001,14
2001,14
2001,15
2001,15
2001,16
2001,17
2001,18
2001,19
2001,19
2001,20
2001,21
2001,21
2001,21
2001,22
2001,22
2001,23
2001,24
2001,24
2001,24
2001,25
2001,25
2001,25
2001,26
2001,26
2001,26
2001,26
2001,27
2001,27
2001,28
2001,28
2001,28
2001,28
2001,28
2001,29
2001,29
2001,29
2001,30
2001,32
2001,32
2001,32
2001,32
2001,32
2001,34
2001,34
2001,34
2001,34
2001,34
2001,35
2001,36
2001,38
2001,38
2001,38
2001,38
2001,39
2001,39
2001,39
2001,40
2001,40
2001,40
2001,41
2001,41
2001,41
2001,41
2001,41
2001,41
2001,42
2001,42
2001,43
2001,44
2001,45
2001,46
2001,47
2001,49
2001,51
2001,51
2001,53
2001,54
2001,55
2001,55
2001,55
2001,56
2001,58
2001,60
2001,62
2001,67
2001,68
2001,70
2001,91
2002,2
2002,2
2002,2
2002,2
2002,2
2002,2
2002,2
2002,2
2002,2
2002,3
2002,3
2002,3
2002,4
2002,4
2002,4
2002,4
2002,4
2002,4
2002,4
2002,4
2002,4
2002,4
2002,5
2002,5
2002,5
2002,6
2002,6
2002,6
2002,6
2002,6
2002,7
2002,7
2002,7
2002,7
2002,8
2002,8
2002,8
2002,8
2002,8
2002,8
2002,8
2002,9
2002,9
2002,9
2002,9
2002,10
2002,10
2002,10
2002,10
2002,11
2002,11
2002,11
2002,11
2002,11
2002,11
2002,12
2002,12
2002,12
2002,13
2002,13
2002,13
2002,13
2002,14
2002,14
2002,14
2002,14
2002,15
2002,15
2002,16
2002,16
2002,16
2002,16
2002,17
2002,17
2002,17
2002,17
2002,18
2002,19
2002,20
2002,20
2002,20
2002,21
2002,21
2002,21
2002,22
2002,22
2002,22
2002,22
2002,23
2002,23
2002,23
2002,23
2002,23
2002,24
2002,24
2002,24
2002,24
2002,24
2002,25
2002,26
2002,27
2002,28
2002,28
2002,29
2002,30
2002,30
2002,30
2002,30
2002,30
2002,31
2002,32
2002,32
2002,32
2002,32
2002,33
2002,33
2002,34
2002,37
2002,38
2002,38
2002,39
2002,39
2002,39
2002,39
2002,39
2002,39
2002,40
2002,40
2002,41
2002,41
2002,43
2002,44
2002,45
2002,45
2002,46
2002,47
2002,48
2002,49
2002,52
2002,54
2002,58
2002,59
2002,59
2002,60
2002,60
2002,61
2002,61
2002,63
2002,65
2002,69
2002,72
2002,73
2002,77
2002,78
2003,2
2003,2
2003,2
2003,2
2003,2
2003,2
2003,2
2003,2
2003,3
2003,4
2003,4
2003,4
2003,4
2003,4
2003,4
2003,4
2003,4
2003,4
2003,4
2003,4
2003,4
2003,4
2003,4
2003,4
2003,4
2003,4
2003,4
2003,4
2003,4
2003,4
2003,4
2003,5
2003,5
2003,5
2003,5
2003,6
2003,6
2003,6
2003,6
2003,6
2003,6
2003,6
2003,6
2003,6
2003,7
2003,7
2003,7
2003,7
2003,7
2003,7
2003,7
2003,7
2003,8
2003,8
2003,8
2003,8
2003,8
2003,9
2003,9
2003,9
2003,9
2003,10
2003,10
2003,10
2003,11
2003,12
2003,12
2003,12
2003,12
2003,13
2003,13
2003,13
2003,14
2003,15
2003,15
2003,15
2003,15
2003,15
2003,15
2003,16
2003,16
2003,17
2003,17
2003,17
2003,17
2003,18
2003,18
2003,19
2003,19
2003,19
2003,20
2003,20
2003,20
2003,20
2003,20
2003,21
2003,21
2003,21
2003,22
2003,22
2003,22
2003,22
2003,22
2003,22
2003,22
2003,22
2003,23
2003,23
2003,23
2003,23
2003,24
2003,24
2003,24
2003,24
2003,24
2003,24
2003,24
2003,24
2003,24
2003,25
2003,25
2003,25
2003,25
2003,26
2003,26
2003,26
2003,26
2003,26
2003,26
2003,26
2003,26
2003,26
2003,26
2003,28
2003,28
2003,28
2003,29
2003,29
2003,30
2003,30
2003,30
2003,30
2003,30
2003,30
2003,31
2003,31
2003,31
2003,33
2003,34
2003,34
2003,34
2003,35
2003,35
2003,35
2003,37
2003,37
2003,37
2003,37
2003,38
2003,38
2003,38
2003,38
2003,38
2003,38
2003,38
2003,39
2003,42
2003,42
2003,42
2003,44
2003,44
2003,44
2003,45
2003,45
2003,45
2003,46
2003,47
2003,48
2003,49
2003,50
2003,52
2003,53
2003,54
2003,55
2003,55
2003,57
2003,59
2003,60
2003,60
2003,61
2003,65
2003,66
2003,67
2003,84
2004,1
2004,1
2004,1
2004,1
2004,1
2004,1
2004,2
2004,2
2004,2
2004,2
2004,2
2004,2
2004,2
2004,2
2004,2
2004,2
2004,2
2004,2
2004,3
2004,4
2004,4
2004,4
2004,4
2004,4
2004,4
2004,4
2004,4
2004,4
2004,4
2004,4
2004,4
2004,4
2004,5
2004,5
2004,5
2004,5
2004,5
2004,6
2004,6
2004,6
2004,6
2004,6
2004,6
2004,6
2004,6
2004,7
2004,7
2004,7
2004,7
2004,7
2004,7
2004,7
2004,8
2004,8
2004,8
2004,8
2004,8
2004,8
2004,8
2004,8
2004,8
2004,8
2004,8
2004,8
2004,9
2004,9
2004,9
2004,9
2004,10
2004,10
2004,10
2004,10
2004,10
2004,11
2004,11
2004,11
2004,11
2004,11
2004,12
2004,12
2004,12
2004,12
2004,12
2004,12
2004,12
2004,12
2004,13
2004,13
2004,13
2004,13
2004,14
2004,14
2004,14
2004,15
2004,15
2004,16
2004,16
2004,16
2004,16
2004,17
2004,17
2004,17
2004,17
2004,17
2004,17
2004,17
2004,18
2004,18
2004,18
2004,19
2004,19
2004,19
2004,19
2004,20
2004,20
2004,21
2004,21
2004,21
2004,22
2004,22
2004,22
2004,22
2004,22
2004,23
2004,23
2004,24
2004,24
2004,24
2004,24
2004,24
2004,25
2004,25
2004,26
2004,26
2004,27
2004,27
2004,27
2004,28
2004,28
2004,29
2004,29
2004,29
2004,30
2004,31
2004,32
2004,32
2004,32
2004,32
2004,33
2004,33
2004,34
2004,34
2004,34
2004,34
2004,35
2004,35
2004,35
2004,37
2004,38
2004,38
2004,39
2004,40
2004,42
2004,42
2004,43
2004,43
2004,44
2004,45
2004,45
2004,48
2004,49
2004,51
2004,52
2004,53
2004,53
2004,55
2004,56
2004,57
2004,59
2004,60
2004,62
2004,63
2004,69
2004,74
2004,76
2005,2
2005,2
2005,2
2005,2
2005,2
2005,3
2005,4
2005,4
2005,4
2005,4
2005,4
2005,4
2005,4
2005,4
2005,4
2005,4
2005,4
2005,4
2005,5
2005,6
2005,6
2005,6
2005,6
2005,8
2005,8
2005,8
2005,8
2005,8
2005,8
2005,9
2005,9
2005,9
2005,10
2005,10
2005,11
2005,12
2005,12
2005,12
2005,13
2005,13
2005,13
2005,13
2005,13
2005,14
2005,14
2005,14
2005,14
2005,14
2005,15
2005,15
2005,15
2005,16
2005,17
2005,17
2005,17
2005,18
2005,18
2005,19
2005,19
2005,19
2005,19
2005,19
2005,20
2005,20
2005,20
2005,20
2005,21
2005,21
2005,22
2005,22
2005,23
2005,23
2005,23
2005,23
2005,23
2005,23
2005,23
2005,23
2005,24
2005,24
2005,24
2005,24
2005,24
2005,24
2005,24
2005,24
2005,25
2005,25
2005,25
2005,25
2005,25
2005,26
2005,26
2005,26
2005,26
2005,27
2005,27
2005,28
2005,28
2005,28
2005,29
2005,31
2005,31
2005,31
2005,31
2005,31
2005,32
2005,32
2005,33
2005,33
2005,33
2005,33
2005,33
2005,34
2005,34
2005,35
2005,35
2005,35
2005,36
2005,36
2005,37
2005,37
2005,37
2005,37
2005,37
2005,38
2005,38
2005,38
2005,39
2005,39
2005,39
2005,39
2005,39
2005,39
2005,40
2005,40
2005,40
2005,41
2005,41
2005,41
2005,42
2005,42
2005,43
2005,44
2005,44
2005,44
2005,44
2005,44
2005,44
2005,45
2005,45
2005,45
2005,45
2005,45
2005,46
2005,46
2005,46
2005,46
2005,47
2005,47
2005,47
2005,49
2005,50
2005,50
2005,50
2005,50
2005,51
2005,51
2005,51
2005,53
2005,53
2005,53
2005,54
2005,54
2005,54
2005,55
2005,55
2005,55
2005,56
2005,56
2005,56
2005,56
2005,56
2005,56
2005,57
2005,59
2005,59
2005,59
2005,60
2005,60
2005,60
2005,60
2005,61
2005,61
2005,62
2005,62
2005,64
2005,68
2005,69
2005,70
2005,71
2005,71
2005,71
2005,72
2005,74
2005,75
2005,76
2005,81
2005,86
2005,86
2006,2
2006,2
2006,2
2006,2
2006,2
2006,2
2006,2
2006,2
2006,2
2006,2
2006,3
2006,4
2006,4
2006,4
2006,4
2006,4
2006,4
2006,4
2006,4
2006,4
2006,4
2006,4
2006,5
2006,5
2006,5
2006,6
2006,6
2006,6
2006,6
2006,6
2006,6
2006,6
2006,6
2006,7
2006,7
2006,7
2006,8
2006,8
2006,8
2006,8
2006,9
2006,9
2006,9
2006,9
2006,10
2006,10
2006,10
2006,11
2006,11
2006,11
2006,11
2006,11
2006,11
2006,11
2006,12
2006,12
2006,13
2006,13
2006,13
2006,13
2006,13
2006,14
2006,14
2006,15
2006,15
2006,15
2006,15
2006,15
2006,15
2006,16
2006,16
2006,16
2006,17
2006,17
2006,17
2006,17
2006,17
2006,17
2006,17
2006,18
2006,19
2006,19
2006,20
2006,20
2006,20
2006,20
2006,20
2006,21
2006,21
2006,21
2006,21
2006,21
2006,21
2006,22
2006,22
2006,23
2006,23
2006,24
2006,24
2006,25
2006,26
2006,26
2006,27
2006,27
2006,27
2006,27
2006,28
2006,28
2006,29
2006,30
2006,30
2006,30
2006,30
2006,31
2006,31
2006,32
2006,33
2006,33
2006,34
2006,35
2006,35
2006,36
2006,36
2006,36
2006,36
2006,36
2006,37
2006,37
2006,38
2006,38
2006,38
2006,39
2006,39
2006,40
2006,40
2006,41
2006,42
2006,42
2006,43
2006,43
2006,43
2006,43
2006,43
2006,44
2006,44
2006,46
2006,47
2006,48
2006,48
2006,48
2006,49
2006,49
2006,51
2006,52
2006,52
2006,52
2006,53
2006,54
2006,55
2006,57
2006,57
2006,59
2006,60
2006,60
2006,60
2006,60
2006,61
2006,64
2006,65
2006,65
2006,66
2006,66
2006,67
2006,69
2006,69
2006,69
2006,77
2006,95
2006,103
2007,1
2007,2
2007,2
2007,2
2007,2
2007,2
2007,2
2007,2
2007,2
2007,2
2007,2
2007,2
2007,3
2007,3
2007,4
2007,4
2007,4
2007,4
2007,4
2007,4
2007,4
2007,4
2007,4
2007,4
2007,4
2007,4
2007,4
2007,4
2007,4
2007,5
2007,5
2007,5
2007,5
2007,5
2007,5
2007,5
2007,6
2007,6
2007,7
2007,8
2007,8
2007,8
2007,9
2007,9
2007,9
2007,9
2007,11
2007,11
2007,11
2007,12
2007,13
2007,13
2007,14
2007,15
2007,15
2007,16
2007,17
2007,17
2007,17
2007,17
2007,17
2007,18
2007,18
2007,18
2007,19
2007,19
2007,19
2007,19
2007,19
2007,19
2007,20
2007,20
2007,20
2007,20
2007,20
2007,20
2007,20
2007,21
2007,21
2007,21
2007,21
2007,22
2007,23
2007,23
2007,23
2007,24
2007,24
2007,24
2007,24
2007,24
2007,25
2007,25
2007,25
2007,27
2007,27
2007,27
2007,28
2007,28
2007,28
2007,28
2007,29
2007,29
2007,29
2007,29
2007,29
2007,29
2007,29
2007,29
2007,29
2007,30
2007,30
2007,30
2007,30
2007,30
2007,30
2007,31
2007,31
2007,31
2007,32
2007,32
2007,32
2007,32
2007,33
2007,33
2007,33
2007,34
2007,34
2007,34
2007,34
2007,36
2007,38
2007,39
2007,40
2007,40
2007,40
2007,40
2007,40
2007,40
2007,41
2007,41
2007,41
2007,42
2007,42
2007,43
2007,43
2007,44
2007,45
2007,45
2007,46
2007,46
2007,46
2007,47
2007,47
2007,48
2007,48
2007,48
2007,49
2007,49
2007,49
2007,50
2007,50
2007,50
2007,51
2007,52
2007,52
2007,54
2007,55
2007,56
2007,59
2007,59
2007,61
2007,61
2007,66
2007,66
2007,66
2007,69
2007,72
2007,74
2008,2
2008,2
2008,2
2008,2
2008,2
2008,2
2008,2
2008,2
2008,2
2008,2
2008,3
2008,4
2008,4
2008,4
2008,4
2008,4
2008,4
2008,4
2008,4
2008,4
2008,4
2008,4
2008,4
2008,4
2008,4
2008,5
2008,5
2008,5
2008,5
2008,6
2008,6
2008,7
2008,7
2008,7
2008,7
2008,7
2008,8
2008,8
2008,8
2008,9
2008,9
2008,10
2008,10
2008,10
2008,10
2008,11
2008,11
2008,12
2008,12
2008,13
2008,14
2008,15
2008,15
2008,15
2008,15
2008,15
2008,16
2008,16
2008,17
2008,17
2008,18
2008,18
2008,19
2008,19
2008,20
2008,20
2008,20
2008,21
2008,21
2008,22
2008,23
2008,23
2008,23
2008,24
2008,24
2008,24
2008,24
2008,24
2008,25
2008,25
2008,25
2008,26
2008,27
2008,27
2008,28
2008,29
2008,30
2008,31
2008,31
2008,31
2008,32
2008,33
2008,33
2008,35
2008,35
2008,35
2008,36
2008,36
2008,36
2008,37
2008,37
2008,37
2008,39
2008,39
2008,39
2008,40
2008,40
2008,41
2008,41
2008,41
2008,41
2008,42
2008,43
2008,44
2008,44
2008,44
2008,45
2008,46
2008,47
2008,48
2008,49
2008,50
2008,52
2008,52
2008,52
2008,52
2008,53
2008,57
2008,59
2008,83
2009,2
2009,2
2009,2
2009,2
2009,2
2009,2
2009,2
2009,2
2009,2
2009,2
2009,2
2009,2
2009,2
2009,2
2009,2
2009,3
2009,3
2009,3
2009,3
2009,3
2009,4
2009,4
2009,4
2009,4
2009,4
2009,4
2009,4
2009,4
2009,4
2009,4
2009,4
2009,4
2009,4
2009,4
2009,4
2009,4
2009,4
2009,4
2009,4
2009,5
2009,5
2009,5
2009,5
2009,6
2009,6
2009,6
2009,6
2009,6
2009,6
2009,6
2009,6
2009,7
2009,8
2009,8
2009,8
2009,8
2009,8
2009,8
2009,8
2009,9
2009,9
2009,10
2009,11
2009,12
2009,12
2009,12
2009,13
2009,13
2009,13
2009,13
2009,13
2009,13
2009,13
2009,14
2009,14
2009,14
2009,14
2009,15
2009,15
2009,15
2009,15
2009,15
2009,16
2009,16
2009,16
2009,17
2009,17
2009,17
2009,18
2009,18
2009,19
2009,19
2009,20
2009,20
2009,21
2009,21
2009,21
2009,22
2009,23
2009,23
2009,23
2009,23
2009,23
2009,23
2009,23
2009,24
2009,24
2009,24
2009,25
2009,25
2009,25
2009,25
2009,25
2009,26
2009,26
2009,26
2009,26
2009,27
2009,28
2009,28
2009,28
2009,28
2009,29
2009,29
2009,30
2009,30
2009,30
2009,30
2009,30
2009,30
2009,32
2009,32
2009,33
2009,34
2009,34
2009,35
2009,35
2009,35
2009,35
2009,35
2009,35
2009,35
2009,36
2009,37
2009,38
2009,38
2009,39
2009,40
2009,40
2009,40
2009,41
2009,42
2009,42
2009,44
2009,45
2009,46
2009,46
2009,48
2009,49
2009,49
2009,49
2009,50
2009,52
2009,53
2009,54
2009,54
2009,55
2009,55
2009,56
2009,58
2009,59
2009,63
2009,65
2009,67
2009,71
2009,75
2009,76
2010,1
2010,2
2010,2
2010,2
2010,2
2010,2
2010,2
2010,2
2010,2
2010,2
2010,2
2010,2
2010,2
2010,2
2010,2
2010,2
2010,2
2010,2
2010,2
2010,2
2010,2
2010,2
2010,2
2010,2
2010,2
2010,2
2010,2
2010,2
2010,2
2010,2
2010,2
2010,2
2010,2
2010,2
2010,2
2010,2
2010,2
2010,2
2010,3
2010,4
2010,4
2010,4
2010,4
2010,4
2010,4
2010,4
2010,4
2010,4
2010,4
2010,4
2010,4
2010,4
2010,4
2010,4
2010,5
2010,5
2010,5
2010,5
2010,5
2010,5
2010,6
2010,6
2010,6
2010,6
2010,6
2010,6
2010,6
2010,6
2010,6
2010,6
2010,6
2010,7
2010,7
2010,8
2010,8
2010,8
2010,9
2010,10
2010,10
2010,10
2010,10
2010,10
2010,11
2010,13
2010,15
2010,15
2010,16
2010,16
2010,16
2010,16
2010,17
2010,17
2010,17
2010,17
2010,17
2010,17
2010,17
2010,18
2010,19
2010,19
2010,19
2010,20
2010,20
2010,20
2010,21
2010,21
2010,22
2010,22
2010,22
2010,22
2010,23
2010,23
2010,23
2010,24
2010,24
2010,24
2010,25
2010,25
2010,25
2010,26
2010,26
2010,26
2010,26
2010,27
2010,27
2010,27
2010,28
2010,29
2010,29
2010,29
2010,29
2010,30
2010,31
2010,31
2010,32
2010,34
2010,36
2010,36
2010,37
2010,38
2010,39
2010,40
2010,42
2010,42
2010,42
2010,45
2010,45
2010,47
2010,47
2010,48
2010,49
2010,50
2010,51
2010,51
2010,51
2010,52
2010,59
2010,62
2010,62
2010,64
2010,65
2010,66
2010,67
2010,68
2010,85
2011,2
2011,2
2011,2
2011,2
2011,2
2011,2
2011,2
2011,2
2011,3
2011,3
2011,4
2011,4
2011,4
2011,4
2011,4
2011,4
2011,4
2011,4
2011,4
2011,4
2011,4
2011,5
2011,5
2011,5
2011,6
2011,6
2011,6
2011,6
2011,6
2011,6
2011,8
2011,8
2011,8
2011,9
2011,9
2011,10
2011,10
2011,10
2011,10
2011,10
2011,12
2011,12
2011,13
2011,13
2011,13
2011,13
2011,13
2011,13
2011,14
2011,15
2011,15
2011,16
2011,16
2011,17
2011,17
2011,18
2011,18
2011,19
2011,20
2011,20
2011,20
2011,21
2011,22
2011,22
2011,23
2011,23
2011,23
2011,24
2011,24
2011,25
2011,25
2011,26
2011,27
2011,28
2011,28
2011,28
2011,28
2011,28
2011,29
2011,31
2011,32
2011,32
2011,32
2011,32
2011,32
2011,33
2011,33
2011,33
2011,33
2011,34
2011,34
2011,34
2011,34
2011,34
2011,35
2011,36
2011,37
2011,38
2011,38
2011,40
2011,40
2011,41
2011,41
2011,41
2011,42
2011,42
2011,43
2011,43
2011,43
2011,44
2011,45
2011,45
2011,45
2011,46
2011,47
2011,47
2011,48
2011,48
2011,48
2011,51
2011,52
2011,52
2011,52
2011,53
2011,53
2011,53
2011,53
2011,57
2011,57
2011,59
2011,61
2011,61
2011,64
2011,65
2011,65
2011,70
2011,74
2011,77
2011,79
2011,79
2012,2
2012,2
2012,2
2012,2
2012,2
2012,2
2012,2
2012,2
2012,3
2012,3
2012,4
2012,4
2012,4
2012,4
2012,4
2012,4
2012,4
2012,4
2012,4
2012,4
2012,4
2012,4
2012,4
2012,5
2012,5
2012,5
2012,5
2012,5
2012,5
2012,5
2012,6
2012,6
2012,6
2012,6
2012,6
2012,6
2012,7
2012,7
2012,8
2012,8
2012,8
2012,8
2012,8
2012,8
2012,9
2012,10
2012,10
2012,10
2012,12
2012,12
2012,12
2012,12
2012,13
2012,13
2012,14
2012,17
2012,18
2012,18
2012,19
2012,20
2012,20
2012,21
2012,22
2012,22
2012,24
2012,24
2012,24
2012,25
2012,25
2012,26
2012,27
2012,27
2012,28
2012,30
2012,31
2012,33
2012,33
2012,34
2012,38
2012,38
2012,39
2012,40
2012,41
2012,41
2012,43
2012,43
2012,44
2012,45
2012,47
2012,47
2012,51
2012,52
2012,53
2012,53
2012,54
2012,59
2012,61
2012,61
2012,68
2012,71
2012,76
2013,2
2013,2
2013,2
2013,2
2013,2
2013,2
2013,2
2013,2
2013,2
2013,2
2013,2
2013,2
2013,2
2013,2
2013,2
2013,2
2013,2
2013,3
2013,4
2013,4
2013,4
2013,4
2013,4
2013,4
2013,4
2013,4
2013,4
2013,4
2013,5
2013,5
2013,5
2013,5
2013,5
2013,5
2013,6
2013,6
2013,6
2013,6
2013,6
2013,7
2013,7
2013,7
2013,8
2013,8
2013,8
2013,8
2013,8
2013,8
2013,9
2013,10
2013,10
2013,11
2013,11
2013,13
2013,13
2013,13
2013,13
2013,13
2013,13
2013,14
2013,14
2013,14
2013,14
2013,15
2013,15
2013,16
2013,17
2013,17
2013,18
2013,18
2013,18
2013,18
2013,19
2013,19
2013,19
2013,20
2013,20
2013,20
2013,21
2013,21
2013,22
2013,23
2013,23
2013,24
2013,25
2013,26
2013,27
2013,27
2013,28
2013,30
2013,30
2013,31
2013,32
2013,32
2013,34
2013,35
2013,35
2013,36
2013,36
2013,38
2013,38
2013,39
2013,39
2013,40
2013,40
2013,41
2013,42
2013,42
2013,42
2013,42
2013,43
2013,43
2013,46
2013,46
2013,47
2013,47
2013,48
2013,48
2013,49
2013,50
2013,59
2013,62
2013,64
2013,67
2013,67
2013,73
2013,78
2014,2
2014,2
2014,2
2014,2
2014,2
2014,2
2014,2
2014,2
2014,2
2014,2
2014,2
2014,2
2014,2
2014,2
2014,2
2014,2
2014,3
2014,4
2014,4
2014,4
2014,4
2014,4
2014,4
2014,4
2014,4
2014,4
2014,4
2014,4
2014,4
2014,4
2014,4
2014,5
2014,5
2014,5
2014,6
2014,6
2014,6
2014,6
2014,6
2014,6
2014,6
2014,6
2014,7
2014,7
2014,7
2014,7
2014,8
2014,8
2014,8
2014,8
2014,9
2014,9
2014,9
2014,10
2014,10
2014,10
2014,11
2014,11
2014,11
2014,11
2014,11
2014,12
2014,12
2014,12
2014,13
2014,13
2014,14
2014,14
2014,15
2014,16
2014,17
2014,17
2014,17
2014,17
2014,17
2014,18
2014,18
2014,19
2014,19
2014,19
2014,19
2014,20
2014,21
2014,21
2014,22
2014,22
2014,23
2014,23
2014,23
2014,24
2014,24
2014,24
2014,24
2014,24
2014,24
2014,25
2014,25
2014,25
2014,26
2014,26
2014,26
2014,26
2014,27
2014,27
2014,28
2014,29
2014,31
2014,31
2014,33
2014,34
2014,35
2014,35
2014,37
2014,37
2014,38
2014,38
2014,38
2014,38
2014,39
2014,39
2014,40
2014,43
2014,43
2014,45
2014,45
2014,46
2014,46
2014,48
2014,49
2014,50
2014,51
2014,54
2014,55
2014,58
2014,61
2014,63
2014,66
2014,66
2014,69
2015,2
2015,2
2015,2
2015,2
2015,2
2015,2
2015,2
2015,2
2015,2
2015,2
2015,3
2015,3
2015,3
2015,3
2015,3
2015,4
2015,4
2015,4
2015,4
2015,4
2015,4
2015,4
2015,4
2015,4
2015,4
2015,4
2015,5
2015,5
2015,6
2015,6
2015,6
2015,6
2015,6
2015,6
2015,7
2015,7
2015,8
2015,8
2015,8
2015,8
2015,9
2015,11
2015,11
2015,11
2015,12
2015,12
2015,13
2015,13
2015,13
2015,14
2015,15
2015,16
2015,16
2015,17
2015,17
2015,17
2015,17
2015,17
2015,18
2015,19
2015,19
2015,21
2015,21
2015,21
2015,22
2015,22
2015,23
2015,23
2015,24
2015,24
2015,25
2015,25
2015,25
2015,25
2015,26
2015,26
2015,29
2015,29
2015,30
2015,31
2015,32
2015,32
2015,33
2015,34
2015,35
2015,38
2015,38
2015,39
2015,40
2015,43
2015,43
2015,49
2015,50
2015,50
2015,50
2015,50
2015,52
2015,53
2015,56
2015,62
2015,62
2015,65
2016,2
2016,2
2016,2
2016,2
2016,2
2016,2
2016,2
2016,2
2016,2
2016,2
2016,2
2016,2
2016,2
2016,2
2016,2
2016,2
2016,2
2016,2
2016,2
2016,2
2016,4
2016,4
2016,4
2016,4
2016,4
2016,4
2016,4
2016,4
2016,4
2016,4
2016,4
2016,4
2016,4
2016,4
2016,4
2016,4
2016,4
2016,4
2016,5
2016,5
2016,5
2016,5
2016,5
2016,5
2016,6
2016,6
2016,6
2016,6
2016,6
2016,6
2016,7
2016,8
2016,8
2016,9
2016,9
2016,9
2016,11
2016,12
2016,13
2016,15
2016,15
2016,17
2016,18
2016,18
2016,18
2016,19
2016,19
2016,19
2016,19
2016,19
2016,19
2016,20
2016,20
2016,21
2016,21
2016,21
2016,21
2016,21
2016,22
2016,23
2016,24
2016,24
2016,24
2016,25
2016,25
2016,26
2016,26
2016,26
2016,26
2016,27
2016,28
2016,30
2016,31
2016,32
2016,32
2016,32
2016,33
2016,36
2016,37
2016,39
2016,40
2016,40
2016,40
2016,41
2016,42
2016,42
2016,43
2016,44
2016,45
2016,50
2016,54
2016,55
2016,57
2016,59
2016,61
2016,64
2016,64
2016,71
2016,83
2017,1
2017,2
2017,2
2017,2
2017,2
2017,2
2017,2
2017,2
2017,2
2017,2
2017,2
2017,2
2017,2
2017,2
2017,2
2017,2
2017,3
2017,3
2017,4
2017,4
2017,4
2017,4
2017,4
2017,4
2017,4
2017,5
2017,6
2017,6
2017,6
2017,6
2017,6
2017,6
2017,6
2017,7
2017,7
2017,7
2017,7
2017,8
2017,8
2017,8
2017,8
2017,8
2017,9
2017,9
2017,9
2017,10
2017,11
2017,11
2017,13
2017,13
2017,14
2017,15
2017,15
2017,17
2017,17
2017,18
2017,19
2017,20
2017,22
2017,23
2017,24
2017,24
2017,25
2017,26
2017,27
2017,33
2017,34
2017,35
2017,37
2017,37
2017,39
2017,41
2017,43
2017,43
2017,44
2017,46
2017,47
2017,47
2017,47
2017,47
2017,47
2017,48
2017,53
2017,56
2017,56
2017,57
2017,59
2017,63
2017,63
2017,65
2017,66
2017,69
2017,69
2017,71
2017,74
2017,74
2017,76
2017,78
2018,2
2018,2
2018,2
2018,2
2018,2
2018,2
2018,2
2018,2
2018,2
2018,2
2018,2
2018,2
2018,2
2018,2
2018,2
2018,2
2018,2
2018,2
2018,2
2018,2
2018,2
2018,2
2018,2
2018,2
2018,2
2018,2
2018,2
2018,2
2018,2
2018,2
2018,2
2018,3
2018,3
2018,3
2018,3
2018,3
2018,3
2018,4
2018,4
2018,4
2018,4
2018,4
2018,4
2018,4
2018,4
2018,4
2018,4
2018,4
2018,4
2018,4
2018,5
2018,5
2018,5
2018,5
2018,5
2018,5
2018,5
2018,5
2018,6
2018,6
2018,6
2018,6
2018,6
2018,6
2018,6
2018,6
2018,7
2018,7
2018,7
2018,8
2018,8
2018,8
2018,8
2018,8
2018,8
2018,9
2018,9
2018,10
2018,10
2018,10
2018,11
2018,11
2018,12
2018,12
2018,12
2018,13
2018,14
2018,14
2018,15
2018,15
2018,15
2018,16
2018,17
2018,17
2018,18
2018,18
2018,19
2018,19
2018,19
2018,19
2018,19
2018,20
2018,20
2018,21
2018,21
2018,22
2018,23
2018,25
2018,26
2018,27
2018,27
2018,27
2018,27
2018,28
2018,28
2018,29
2018,29
2018,30
2018,30
2018,30
2018,31
2018,32
2018,32
2018,32
2018,33
2018,33
2018,33
2018,33
2018,34
2018,36
2018,36
2018,36
2018,37
2018,38
2018,40
2018,41
2018,41
2018,42
2018,42
2018,42
2018,42
2018,44
2018,44
2018,44
2018,46
2018,47
2018,48
2018,49
2018,51
2018,51
2018,52
2018,55
2018,56
2018,56
2018,60
2018,63
2018,63
2018,65
2018,65
2018,71
2018,72
2018,72
2018,80
2018,88
2019,1
2019,1
2019,2
2019,2
2019,2
2019,2
2019,2
2019,2
2019,2
2019,2
2019,2
2019,2
2019,2
2019,2
2019,2
2019,2
2019,2
2019,2
2019,2
2019,2
2019,2
2019,2
2019,2
2019,2
2019,2
2019,2
2019,2
2019,2
2019,2
2019,2
2019,2
2019,2
2019,2
2019,2
2019,2
2019,2
2019,2
2019,2
2019,3
2019,4
2019,4
2019,4
2019,4
2019,4
2019,4
2019,4
2019,4
2019,4
2019,4
2019,4
2019,4
2019,4
2019,4
2019,4
2019,4
2019,5
2019,5
2019,5
2019,5
2019,5
2019,5
2019,6
2019,6
2019,6
2019,6
2019,6
2019,6
2019,6
2019,7
2019,7
2019,7
2019,7
2019,7
2019,7
2019,8
2019,8
2019,9
2019,9
2019,10
2019,10
2019,10
2019,10
2019,10
2019,10
2019,11
2019,11
2019,11
2019,11
2019,11
2019,12
2019,12
2019,12
2019,13
2019,13
2019,13
2019,14
2019,14
2019,14
2019,15
2019,15
2019,15
2019,15
2019,16
2019,16
2019,17
2019,17
2019,17
2019,17
2019,18
2019,18
2019,18
2019,20
2019,21
2019,21
2019,22
2019,22
2019,22
2019,22
2019,22
2019,23
2019,23
2019,24
2019,24
2019,24
2019,24
2019,24
2019,25
2019,25
2019,25
2019,25
2019,26
2019,26
2019,27
2019,27
2019,27
2019,27
2019,28
2019,29
2019,30
2019,31
2019,31
2019,31
2019,34
2019,34
2019,36
2019,36
2019,37
2019,38
2019,38
2019,38
2019,39
2019,39
2019,39
2019,39
2019,40
2019,40
2019,40
2019,41
2019,42
2019,42
2019,43
2019,43
2019,44
2019,45
2019,47
2019,48
2019,49
2019,49
2019,49
2019,50
2019,50
2019,50
2019,50
2019,51
2019,52
2019,52
2019,53
2019,53
2019,58
2019,59
2019,59
2019,64
2019,76
2019,95
2019,96
2020,2
2020,2
2020,2
2020,2
2020,2
2020,2
2020,2
2020,2
2020,2
2020,2
2020,2
2020,2
2020,2
2020,2
2020,2
2020,2
2020,2
2020,2
2020,2
2020,3
2020,4
2020,4
2020,4
2020,4
2020,4
2020,4
2020,4
2020,4
2020,4
2020,4
2020,4
2020,4
2020,4
2020,4
2020,4
2020,5
2020,5
2020,5
2020,5
2020,6
2020,6
2020,6
2020,6
2020,6
2020,6
2020,6
2020,6
2020,7
2020,7
2020,7
2020,7
2020,8
2020,8
2020,8
2020,8
2020,9
2020,10
2020,12
2020,12
2020,14
2020,14
2020,14
2020,14
2020,14
2020,14
2020,15
2020,16
2020,16
2020,17
2020,18
2020,18
2020,18
2020,18
2020,19
2020,19
2020,19
2020,19
2020,20
2020,20
2020,20
2020,21
2020,21
2020,21
2020,21
2020,21
2020,22
2020,22
2020,22
2020,23
2020,23
2020,23
2020,24
2020,24
2020,25
2020,25
2020,26
2020,27
2020,28
2020,28
2020,30
2020,30
2020,30
2020,31
2020,31
2020,32
2020,33
2020,34
2020,34
2020,34
2020,34
2020,36
2020,36
2020,37
2020,37
2020,39
2020,40
2020,40
2020,40
2020,41
2020,41
2020,42
2020,42
2020,43
2020,44
2020,44
2020,45
2020,47
2020,50
2020,50
2020,51
2020,52
2020,52
2020,53
2020,53
2020,55
2020,55
2020,56
2020,57
2020,58
2020,62
2020,62
2020,62
2020,63
2020,67
2020,67
2020,71
2020,72
2020,75
2021,1
2021,2
2021,2
2021,2
2021,2
2021,2
2021,2
2021,2
2021,2
2021,2
2021,2
2021,2
2021,3
2021,3
2021,4
2021,4
2021,4
2021,4
2021,4
2021,4
2021,4
2021,4
2021,4
2021,4
2021,4
2021,4
2021,4
2021,4
2021,4
2021,4
2021,5
2021,5
2021,6
2021,6
2021,6
2021,6
2021,6
2021,6
2021,6
2021,6
2021,6
2021,7
2021,7
2021,7
2021,7
2021,7
2021,7
2021,8
2021,8
2021,9
2021,9
2021,9
2021,10
2021,10
2021,11
2021,12
2021,12
2021,12
2021,13
2021,14
2021,14
2021,14
2021,14
2021,14
2021,14
2021,14
2021,15
2021,15
2021,16
2021,16
2021,16
2021,16
2021,17
2021,17
2021,18
2021,18
2021,19
2021,19
2021,19
2021,20
2021,20
2021,20
2021,21
2021,21
2021,22
2021,22
2021,23
2021,23
2021,23
2021,24
2021,24
2021,24
2021,24
2021,25
2021,25
2021,25
2021,25
2021,25
2021,26
2021,26
2021,28
2021,28
2021,28
2021,29
2021,29
2021,29
2021,30
2021,31
2021,31
2021,31
2021,31
2021,32
2021,32
2021,36
2021,36
2021,36
2021,37
2021,37
2021,38
2021,38
2021,38
2021,39
2021,40
2021,40
2021,42
2021,43
2021,43
2021,44
2021,46
2021,46
2021,46
2021,46
2021,47
2021,50
2021,51
2021,52
2021,53
2021,53
2021,53
2021,55
2021,56
2021,56
2021,56
2021,56
2021,57
2021,59
2021,61
2021,73
2021,88
2022,2
2022,2
2022,2
2022,2
2022,2
2022,2
2022,2
2022,2
2022,2
2022,2
2022,2
2022,2
2022,2
2022,2
2022,2
2022,2
2022,2
2022,2
2022,2
2022,2
2022,2
2022,2
2022,2
2022,2
2022,3
2022,3
2022,3
2022,4
2022,4
2022,4
2022,4
2022,4
2022,4
2022,4
2022,4
2022,4
2022,4
2022,4
2022,4
2022,4
2022,4
2022,4
2022,4
2022,4
2022,4
2022,4
2022,4
2022,4
2022,5
2022,5
2022,5
2022,5
2022,5
2022,6
2022,6
2022,6
2022,6
2022,7
2022,7
2022,7
2022,8
2022,8
2022,8
2022,8
2022,8
2022,9
2022,9
2022,9
2022,11
2022,12
2022,12
2022,12
2022,13
2022,13
2022,14
2022,15
2022,15
2022,17
2022,18
2022,18
2022,19
2022,19
2022,20
2022,21
2022,21
2022,22
2022,22
2022,22
2022,22
2022,22
2022,23
2022,23
2022,24
2022,24
2022,25
2022,26
2022,26
2022,27
2022,28
2022,28
2022,30
2022,31
2022,31
2022,31
2022,33
2022,34
2022,36
2022,36
2022,38
2022,39
2022,41
2022,41
2022,41
2022,41
2022,42
2022,44
2022,45
2022,45
2022,46
2022,47
2022,47
2022,48
2022,52
2022,52
2022,52
2022,54
2022,55
2022,56
2022,57
2022,59
2022,59
2022,60
2022,64
2022,64
2022,66
2022,66
2022,69
2022,73
2022,79
2022,81
2023,2
2023,2
2023,2
2023,2
2023,2
2023,2
2023,2
2023,2
2023,2
2023,2
2023,2
2023,2
2023,2
2023,2
2023,2
2023,2
2023,2
2023,2
2023,2
2023,2
2023,2
2023,2
2023,2
2023,2
2023,2
2023,2
2023,2
2023,2
2023,2
2023,2
2023,2
2023,2
2023,2
2023,3
2023,3
2023,3
2023,3
2023,3
2023,3
2023,3
2023,3
2023,3
2023,4
2023,4
2023,4
2023,4
2023,4
2023,4
2023,4
2023,4
2023,4
2023,4
2023,4
2023,4
2023,4
2023,4
2023,4
2023,4
2023,4
2023,4
2023,4
2023,4
2023,4
2023,4
2023,4
2023,4
2023,4
2023,4
2023,4
2023,4
2023,5
2023,5
2023,5
2023,6
2023,6
2023,6
2023,6
2023,6
2023,6
2023,6
2023,6
2023,6
2023,6
2023,7
2023,7
2023,7
2023,7
2023,7
2023,7
2023,7
2023,7
2023,8
2023,8
2023,8
2023,8
2023,9
2023,9
2023,9
2023,9
2023,10
2023,10
2023,10
2023,11
2023,12
2023,12
2023,12
2023,12
2023,13
2023,13
2023,14
2023,14
2023,14
2023,14
2023,15
2023,15
2023,16
2023,18
2023,18
2023,18
2023,21
2023,21
2023,21
2023,22
2023,23
2023,23
2023,24
2023,25
2023,25
2023,25
2023,25
2023,25
2023,25
2023,26
2023,26
2023,26
2023,26
2023,27
2023,27
2023,27
2023,28
2023,28
2023,31
2023,31
2023,33
2023,35
2023,36
2023,36
2023,37
2023,38
2023,38
2023,39
2023,39
2023,40
2023,41
2023,41
2023,41
2023,42
2023,42
2023,43
2023,44
2023,45
2023,45
2023,46
2023,46
2023,47
2023,47
2023,48
2023,50
2023,50
2023,50
2023,51
2023,53
2023,54
2023,55
2023,56
2023,56
2023,57
2023,57
2023,61
2023,62
2023,62
2023,63
2023,64
2023,65
2023,66
2023,66
2023,68
2023,71
2023,72
2023,72
2023,73
2023,74
2023,81
2023,82
2023,87
2023,87
2024,2
2024,2
2024,2
2024,2
2024,2
2024,2
2024,2
2024,2
2024,2
2024,2
2024,2
2024,2
2024,2
2024,2
2024,2
2024,2
2024,2
2024,2
2024,3
2024,3
2024,3
2024,3
2024,3
2024,3
2024,4
2024,4
2024,4
2024,4
2024,4
2024,4
2024,4
2024,4
2024,4
2024,4
2024,4
2024,4
2024,4
2024,4
2024,4
2024,4
2024,4
2024,5
2024,5
2024,5
2024,5
2024,6
2024,6
2024,6
2024,6
2024,6
2024,6
2024,6
2024,6
2024,6
2024,7
2024,7
2024,8
2024,8
2024,8
2024,9
2024,9
2024,9
2024,10
2024,10
2024,10
2024,11
2024,11
2024,12
2024,12
2024,12
2024,13
2024,13
2024,13
2024,13
2024,14
2024,14
2024,14
2024,14
2024,14
2024,15
2024,15
2024,16
2024,16
2024,16
2024,16
2024,16
2024,16
2024,18
2024,19
2024,19
2024,20
2024,21
2024,21
2024,22
2024,22
2024,25
2024,26
2024,26
2024,26
2024,27
2024,29
2024,29
2024,29
2024,31
2024,31
2024,33
2024,33
2024,34
2024,34
2024,34
2024,35
2024,35
2024,35
2024,36
2024,37
2024,37
2024,38
2024,38
2024,38
2024,40
2024,41
2024,42
2024,43
2024,44
2024,45
2024,45
2024,46
2024,46
2024,48
2024,48
2024,51
2024,52
2024,53
2024,53
2024,54
2024,58
2024,58
2024,63
2024,64
2024,65
2024,66
2024,66
2024,66
2024,67
2024,67
2024,69
2024,70
2024,75
2024,79
2024,84
